text_id,n_words_masked,n_words_orig,mask_ratio,n_vowels,oov_rate,schwa_v1_AH0,mean_word_length,mean_sentence_length,latinate_ratio,mean_syllables,fk_grade,register
ca01,1113,1928,0.4227178423236515,2138,0.008984725965858042,0.2637979420018709,6.588499550763702,20.956521739130434,0.1347708894878706,2.115902964959569,17.550698464783782,news
ca02,1158,1916,0.3956158663883089,2108,0.02072538860103627,0.26328273244781786,6.475820379965458,20.602150537634408,0.09844559585492228,2.0224525043177892,16.309778260627333,news
ca03,1139,1919,0.4064616988014591,2049,0.006145741878841089,0.26207906295754024,6.42054433713784,20.414893617021278,0.1264266900790167,1.9631255487269534,15.536689985616352,news
ca04,1093,1998,0.4529529529529529,2373,0.010978956999085087,0.29077117572692796,7.06587374199451,26.64,0.1729185727355901,2.3577310155535223,22.620825983531564,news
ca05,1072,1973,0.4566649771920933,1924,0.013992537313432836,0.25415800415800416,6.418843283582089,23.211764705882352,0.13059701492537312,2.017723880597015,17.271730026338897,news
ca06,1073,1947,0.44889573703133023,2029,0.0130475302889096,0.2345983242976836,6.62628145386766,21.633333333333333,0.10904007455731593,2.0680335507921717,17.249795899347628,news
ca07,1093,1946,0.43833504624871533,2134,0.024702653247941447,0.2802249297094658,6.811527904849039,19.07843137254902,0.13906678865507777,2.169258920402562,17.447843496044346,news
ca08,1047,1939,0.4600309437854564,2035,0.0019102196752626551,0.24619164619164619,6.657115568290354,20.627659574468087,0.12034383954154727,2.099331423113658,17.22689802678372,news
ca09,1096,1900,0.42315789473684207,2005,0.02737226277372263,0.24937655860349128,6.559306569343065,19.0,0.1259124087591241,2.0775547445255476,16.335145985401464,news
ca10,1081,1911,0.43432757718472004,1925,0.02127659574468085,0.2519480519480519,6.419981498612396,19.90625,0.10083256244218317,1.9861239592969473,15.609700219703978,news
ca11,1124,1899,0.4081095313322801,1681,0.03113879003558719,0.17965496728138014,5.814946619217082,22.879518072289155,0.04181494661921708,1.688612099644128,13.258634823993482,news
ca12,1083,1918,0.43534932221063605,1618,0.01569713758079409,0.1681087762669963,5.7229916897506925,19.373737373737374,0.055401662049861494,1.6445060018467221,11.370928397548898,news
ca13,1088,1932,0.43685300207039335,1635,0.034926470588235295,0.17737003058103976,5.653492647058823,18.576923076923077,0.03768382352941176,1.7095588235294117,11.82779411764706,news
ca14,1102,1973,0.44145970603142426,1840,0.024500907441016333,0.23369565217391305,6.162431941923775,15.911290322580646,0.07713248638838476,1.8802177858439202,12.801973098764712,news
ca15,1046,1912,0.452928870292887,1574,0.045889101338432124,0.19758576874205844,5.791586998087954,18.20952380952381,0.05066921606118547,1.75717017208413,12.246322316307019,news
ca16,1134,1911,0.4065934065934066,1832,0.037037037037037035,0.20906113537117904,5.916225749559083,16.333333333333332,0.05731922398589065,1.8624338624338623,12.75671957671958,news
ca17,1059,1843,0.4253933803581118,1688,0.03777148253068933,0.20853080568720378,5.970727101038716,16.309734513274336,0.04154863078375826,1.8630783758262512,12.75512129492676,news
ca18,1033,1780,0.4196629213483146,1667,0.05227492739593417,0.22555488902219556,6.2216844143272025,17.115384615384617,0.06582768635043562,1.899322362052275,13.497003872216847,news
ca19,1063,1874,0.4327641408751334,1909,0.011288805268109126,0.25615505500261915,6.50799623706491,19.726315789473684,0.1006585136406397,2.011288805268109,15.836471060058425,news
ca20,1142,1940,0.411340206185567,1972,0.023642732049036778,0.24391480730223122,6.264448336252189,20.638297872340427,0.06742556917688267,1.9404553415061296,15.356309199985098,news
ca21,1135,1899,0.40231700895208,1974,0.03171806167400881,0.2502532928064843,6.390308370044053,20.419354838709676,0.07929515418502203,1.9938325991189427,15.900773056700299,news
ca22,1104,1898,0.4183350895679663,2054,0.022644927536231884,0.2599805258033106,6.645833333333333,19.978947368421053,0.12228260869565218,2.1168478260869565,17.180593821510303,news
ca23,1128,1881,0.40031897926634774,1998,0.031914893617021274,0.26176176176176175,6.450354609929078,19.8,0.09663120567375887,2.022163120567376,15.99352482269504,news
ca24,1114,1904,0.4149159663865546,1881,0.027827648114901255,0.253056884635832,6.253141831238779,19.04,0.08976660682226212,1.950628366247756,14.853014721723522,news
ca25,1138,1912,0.40481171548117156,2020,0.03690685413005272,0.25495049504950495,6.422671353251318,19.510204081632654,0.0852372583479789,2.040421792618629,16.09595674473656,news
ca26,1077,1905,0.43464566929133863,1855,0.012999071494893221,0.2334231805929919,6.2144846796657385,18.49514563106796,0.09285051067780872,1.9331476323119776,14.434248857397844,news
ca27,1076,1889,0.43038644785600844,2028,0.012081784386617101,0.2480276134122288,6.550185873605948,20.095744680851062,0.09665427509293681,2.086431226765799,16.867228901368346,news
ca28,1097,1913,0.4265551489806586,1978,0.0027347310847766638,0.2487360970677452,6.356426618049225,21.49438202247191,0.09298085688240657,1.9945305378304468,16.328269335163316,news
ca29,1127,1943,0.41996911991765307,1955,0.037267080745341616,0.24092071611253196,6.317657497781721,16.75,0.064773735581189,1.9795918367346939,14.301683673469388,news
ca30,1026,1938,0.47058823529411764,1703,0.025341130604288498,0.2207868467410452,6.016569200779727,16.016528925619834,0.056530214424951264,1.8810916179337231,12.853327372609673,news
ca31,1123,1919,0.4147993746743095,1927,0.02404274265360641,0.21795537104307214,6.181656277827249,19.581632653061224,0.08726625111308994,1.9483526268922529,15.037397732022466,news
ca32,1058,1955,0.45882352941176474,1836,0.035916824196597356,0.22875816993464052,6.229678638941399,16.428571428571427,0.07372400756143667,1.9839319470699432,14.227539832568187,news
ca33,1077,1970,0.4532994923857868,1921,0.017641597028783658,0.23529411764705882,6.458681522748375,20.736842105263158,0.06778087279480037,2.00464252553389,16.152150222352535,news
ca34,1046,1961,0.466598674145844,2143,0.0009560229445506692,0.2589827344843677,6.84321223709369,23.626506024096386,0.12523900573613767,2.208413001912046,19.68361077195973,news
ca35,1000,1988,0.49698189134808857,2252,0.007,0.3063943161634103,7.32,26.864864864864863,0.185,2.474,24.080497297297303,news
ca36,1006,1939,0.481175863847344,2070,0.006958250497017893,0.28405797101449276,6.963220675944334,22.811764705882354,0.14314115308151093,2.2673956262425445,20.061856624956146,news
ca37,1115,1951,0.42849820604818045,2115,0.010762331838565023,0.258628841607565,6.581165919282511,21.206521739130434,0.09955156950672646,2.0887892376681614,17.32825648274518,news
ca38,989,1920,0.4848958333333333,1519,0.017189079878665317,0.17709019091507572,5.972699696663296,21.818181818181817,0.05965621840242669,1.7997977755308392,14.156704660354812,news
ca39,1089,1915,0.431331592689295,1737,0.009182736455463728,0.17271157167530224,5.757575757575758,16.652173913043477,0.04132231404958678,1.743801652892562,11.481207330219188,news
ca40,1103,1951,0.43464889800102513,1874,0.02901178603807797,0.21878335112059766,6.269265639165911,20.53684210526316,0.06980961015412511,1.9338168631006347,15.238407405640121,news
ca41,1030,1949,0.4715238583889174,1996,0.04660194174757282,0.280561122244489,6.859223300970874,20.302083333333332,0.13398058252427184,2.2213592233009707,18.539851334951454,news
ca42,1071,1914,0.44043887147335425,1888,0.025210084033613446,0.2441737288135593,6.132586367880486,21.032967032967033,0.059757236227824466,1.9411764705882353,15.518739495798318,news
ca43,1071,1906,0.438090241343127,1881,0.0028011204481792717,0.2046783625730994,6.4033613445378155,14.775193798449612,0.08590102707749767,1.9514472455648926,13.199403079061081,news
ca44,1052,1971,0.4662607813292745,2141,0.0038022813688212928,0.2559551611396544,6.81083650190114,23.188235294117646,0.15114068441064638,2.2214828897338403,19.6669098635652,news
cb01,1105,1982,0.4424823410696267,2226,0.014479638009049774,0.27088948787061995,6.816289592760181,20.645833333333332,0.1339366515837104,2.193665158371041,18.347123868778286,editorial
cb02,1076,1982,0.4571140262361252,2020,0.011152416356877323,0.24752475247524752,6.514869888475836,21.543478260869566,0.1087360594795539,2.0892193308550184,17.46474462582835,editorial
cb03,981,1971,0.5022831050228311,1823,0.01834862385321101,0.27098189797037847,6.470948012232416,20.96808510638298,0.1019367991845056,2.0774719673802244,17.101722406576013,editorial
cb04,1044,1960,0.46734693877551026,1994,0.016283524904214558,0.2728184553660983,6.630268199233717,16.470588235294116,0.11590038314176246,2.1159003831417627,15.801153932837504,editorial
cb05,1072,1970,0.4558375634517766,2084,0.0037313432835820895,0.2701535508637236,6.67910447761194,20.520833333333332,0.13805970149253732,2.1483208955223883,17.763311567164184,editorial
cb06,1074,1967,0.4539908490086426,2140,0.01303538175046555,0.2672897196261682,6.743947858472998,19.67,0.12011173184357542,2.1936685288640594,17.966588640595905,editorial
cb07,1038,1976,0.4746963562753036,2082,0.005780346820809248,0.2761767531219981,6.898843930635838,24.097560975609756,0.15703275529865124,2.2003853564547207,19.77259598665351,editorial
cb08,944,2002,0.5284715284715285,1385,0.012711864406779662,0.17906137184115523,5.670550847457627,14.507246376811594,0.048728813559322036,1.6885593220338984,9.992826086956523,editorial
cb09,1007,1973,0.4896097313735428,1676,0.03277060575968222,0.2058472553699284,6.131082423038729,14.946969696969697,0.07547169811320754,1.871896722939424,12.32769951250339,editorial
cb10,972,1987,0.5108203321590337,1579,0.006172839506172839,0.19126029132362254,6.0360082304526745,14.503649635036496,0.0668724279835391,1.809670781893004,11.420538584001683,editorial
cb11,1132,1947,0.41859270672829996,2174,0.023851590106007067,0.2548298068077277,6.715547703180212,19.277227722772277,0.07243816254416961,2.143992932862191,17.22723541965504,editorial
cb12,1043,1936,0.46126033057851235,1870,0.02109300095877277,0.272192513368984,6.448705656759348,19.755102040816325,0.10067114093959731,2.0604026845637584,16.427241473770717,editorial
cb13,1074,1976,0.4564777327935222,1857,0.017690875232774673,0.2299407646742057,6.348230912476723,14.318840579710145,0.0633147113594041,1.9636871508379887,13.165856205975228,editorial
cb14,1017,1962,0.481651376146789,1805,0.015732546705998034,0.2155124653739612,6.241887905604719,18.0,0.07472959685349066,1.9695181907571289,14.67031465093412,editorial
cb15,1050,2056,0.4892996108949417,2045,0.012380952380952381,0.2899755501222494,6.635238095238095,19.961165048543688,0.14,2.1304761904761906,17.334473416551088,editorial
cb16,1027,1933,0.4687015002586653,2008,0.013631937682570594,0.2699203187250996,6.747809152872444,19.138613861386137,0.124634858812074,2.1538461538461537,17.289444021325213,editorial
cb17,1004,1991,0.4957307885484681,1789,0.010956175298804782,0.24427054220234767,6.325697211155378,17.163793103448278,0.09860557768924302,1.9920318725099602,14.60985540596236,editorial
cb18,1030,1953,0.47260624679979524,1954,0.009708737864077669,0.27993858751279427,6.497087378640777,21.22826086956522,0.129126213592233,2.095145631067961,17.411740185732373,editorial
cb19,1026,1983,0.48260211800302577,1789,0.015594541910331383,0.23476802683063164,6.3089668615984404,16.805084745762713,0.07504873294346978,1.956140350877193,14.046439191198335,editorial
cb20,1019,1965,0.4814249363867684,1870,0.022571148184494603,0.25026737967914436,6.505397448478901,18.537735849056602,0.10598626104023552,2.0686947988223747,16.050315607236097,editorial
cb21,1026,1969,0.478923311325546,2013,0.02631578947368421,0.26726279185295576,6.669590643274854,26.972602739726028,0.10916179337231968,2.158869395711501,20.403973937888868,editorial
cb22,1085,2046,0.4696969696969697,2255,0.007373271889400922,0.28824833702882485,6.8995391705069125,22.98876404494382,0.13548387096774195,2.2764976958525347,20.238290788588007,editorial
cb23,983,1984,0.5045362903225806,1862,0.0254323499491353,0.25510204081632654,6.474059003051882,14.17142857142857,0.12512716174974567,2.128179043743642,15.049369859032119,editorial
cb24,1078,1959,0.44971924451250633,1848,0.039888682745825604,0.20833333333333334,6.316326530612245,20.195876288659793,0.05380333951762523,1.9786641929499071,15.634629229386224,editorial
cb25,1009,1966,0.48677517802644965,1889,0.026759167492566897,0.2482795129698253,6.570862239841428,25.205128205128204,0.10307234886025768,2.0743310208126857,18.71710604558969,editorial
cb26,993,1939,0.48788035069623514,1966,0.022155085599194362,0.2787385554425229,6.612286002014098,17.46846846846847,0.12890231621349446,2.199395770392749,17.175572793337142,editorial
cb27,975,1979,0.5073269327943406,1882,0.009230769230769232,0.2667375132837407,6.68,18.669811320754718,0.10871794871794872,2.12,16.707226415094343,editorial
cc01,1087,2027,0.46373951652688705,1868,0.045078196872125116,0.22858672376873662,6.386384544618215,16.75206611570248,0.06623735050597976,1.9852805887764489,14.369616732686065,reviews
cc02,1111,2011,0.4475385380407757,2056,0.018901890189018902,0.24027237354085604,6.592259225922592,19.91089108910891,0.0963096309630963,2.0819081908190817,16.741764176417643,reviews
cc03,1066,2010,0.4696517412935324,1971,0.04596622889305816,0.2663622526636225,6.649155722326454,20.303030303030305,0.1275797373358349,2.131332082551595,17.47790039229064,reviews
cc04,1061,2010,0.47213930348258704,1845,0.02544769085768143,0.22926829268292684,6.227144203581527,20.1,0.09142318567389256,1.9604147031102734,15.381893496701228,reviews
cc05,1057,2037,0.4810996563573883,1880,0.033112582781456956,0.22659574468085106,6.51371807000946,18.68807339449541,0.0879848628192999,2.0690633869441815,16.113296589794555,reviews
cc06,1095,2129,0.4856740253640207,2032,0.029223744292237442,0.2549212598425197,6.536986301369863,30.414285714285715,0.11141552511415526,2.1095890410958904,21.164722113502936,reviews
cc07,1149,2022,0.4317507418397626,1983,0.08616187989556136,0.2546646495209279,6.577023498694517,18.216216216216218,0.10095735422106179,2.101827676240209,16.31589090395879,reviews
cc08,1070,2026,0.4718657453109576,1727,0.03364485981308411,0.1910828025477707,6.055140186915888,23.022727272727273,0.06635514018691589,1.8336448598130841,15.025872982158031,reviews
cc09,1064,1974,0.46099290780141844,1888,0.03759398496240601,0.2510593220338983,6.473684210526316,24.9873417721519,0.08928571428571429,2.042293233082707,18.25412344151518,reviews
cc10,1090,2041,0.4659480646741794,1810,0.05871559633027523,0.2176795580110497,6.229357798165138,20.616161616161616,0.0798165137614679,1.9477064220183486,15.433238810119544,reviews
cc11,1141,2067,0.447992259313014,2130,0.04820333041191937,0.2596244131455399,6.646801051709027,20.67,0.1016652059596845,2.145486415425066,17.788039702015784,reviews
cc12,1112,1995,0.4426065162907268,2059,0.02877697841726619,0.24720738222438077,6.60521582733813,21.923076923076923,0.1079136690647482,2.1088129496402876,17.843992805755395,reviews
cc13,1060,1987,0.46653246099647705,1945,0.02169811320754717,0.23496143958868895,6.569811320754717,22.07777777777778,0.08396226415094339,2.061320754716981,17.343918238993712,reviews
cc14,1191,2201,0.45888232621535663,2119,0.04869857262804366,0.24634261444077396,6.614609571788413,25.011363636363637,0.0982367758186398,2.0831234256926954,18.745288241355627,reviews
cc15,1212,2018,0.39940535183349857,2003,0.04207920792079208,0.22965551672491263,6.188943894389439,16.95798319327731,0.0462046204620462,1.9463696369636965,13.990775161549774,reviews
cc16,1036,1979,0.47650328448711465,1849,0.041505791505791506,0.24121146565711196,6.524131274131274,22.74712643678161,0.09073359073359073,2.0714285714285716,17.72423645320197,reviews
cc17,1134,1943,0.41636644364384967,2136,0.03262786596119929,0.250936329588015,6.541446208112875,18.504761904761907,0.09611992945326278,2.13668430335097,16.839731922398588,reviews
cd01,933,2000,0.5335,1818,0.00964630225080386,0.2700770077007701,6.52518756698821,23.25581395348837,0.1564844587352626,2.155412647374062,18.9136366808744,religion
cd02,945,2044,0.5376712328767124,1860,0.05291005291005291,0.2779569892473118,7.1153439153439155,31.446153846153845,0.1619047619047619,2.3216931216931216,24.069978835978834,religion
cd03,1060,2016,0.4742063492063492,2015,0.01509433962264151,0.26352357320099257,6.865094339622641,26.181818181818183,0.10471698113207548,2.1462264150943398,19.946380789022303,religion
cd04,940,2008,0.5318725099601593,1698,0.03723404255319149,0.2314487632508834,6.301063829787234,25.1,0.1946808510638298,2.078723404255319,18.727936170212768,religion
cd05,1023,2099,0.5126250595521677,1998,0.020527859237536656,0.25625625625625625,6.855327468230694,27.25974025974026,0.12023460410557185,2.2385141739980448,21.455765954475634,religion
cd06,940,1994,0.5285857572718154,1507,0.02021276595744681,0.21366954213669542,5.921276595744681,20.770833333333332,0.08191489361702127,1.8127659574468085,13.901263297872344,religion
cd07,920,2004,0.5409181636726548,1375,0.010869565217391304,0.19563636363636364,5.709782608695652,14.735294117647058,0.07391304347826087,1.6673913043478261,9.831982097186703,religion
cd08,1016,1968,0.483739837398374,1892,0.015748031496062992,0.2346723044397463,6.448818897637795,32.8,0.12401574803149606,2.094488188976378,21.91696062992126,religion
cd09,1091,2008,0.4566733067729084,2050,0.006416131989000917,0.25658536585365854,6.84051329055912,15.811023622047244,0.15032080659945005,2.158570119156737,16.047426618647922,religion
cd10,1015,2004,0.4935129740518962,2208,0.009852216748768473,0.2971014492753623,7.174384236453202,21.548387096774192,0.1665024630541872,2.378325123152709,20.87810742094391,religion
cd11,982,2026,0.5153010858835143,1911,0.023421588594704685,0.2815279958137101,6.677189409368635,32.15873015873016,0.13136456211812628,2.204684317718941,22.967179710988265,religion
cd12,1072,2006,0.4656031904287139,2423,0.009328358208955223,0.3165497317375155,7.332089552238806,26.394736842105264,0.19962686567164178,2.4757462686567164,23.91775333857031,religion
cd13,956,2008,0.5239043824701195,1577,0.015690376569037656,0.21559923906150918,5.777196652719665,25.1,0.0397489539748954,1.8232217573221758,15.713016736401677,religion
cd14,1051,1992,0.4723895582329317,2123,0.02093244529019981,0.29156853509185116,7.029495718363464,21.652173913043477,0.1493815413891532,2.2844909609895336,19.811341165763455,religion
cd15,1088,1999,0.45572786393196596,2092,0.03400735294117647,0.2805927342256214,6.695772058823529,21.042105263157893,0.15625,2.2417279411764706,19.06881075851393,religion
cd16,879,1940,0.5469072164948454,1233,0.03299203640500569,0.19059205190592052,5.4482366325369735,13.020134228187919,0.08873720136518772,1.646188850967008,8.912880790403985,religion
cd17,1007,1993,0.4947315604616157,1710,0.012909632571996028,0.22046783625730995,6.139026812313803,13.744827586206897,0.06554121151936444,1.8857994041708044,12.022915727836185,religion
ce01,968,1913,0.49398849973863046,1564,0.042355371900826444,0.20332480818414322,6.176652892561983,16.92920353982301,0.060950413223140494,1.9194214876033058,13.661562934249982,hobbies
ce02,995,1996,0.501503006012024,1634,0.010050251256281407,0.20134638922888617,5.942713567839196,17.05982905982906,0.062311557788944726,1.8160804020100503,12.493082077051927,hobbies
ce03,1027,1957,0.4752171691364333,1993,0.016553067185978577,0.2508780732563974,6.6611489776046735,18.289719626168225,0.08958130477117819,2.132424537487829,16.705600196561992,hobbies
ce04,1077,2004,0.46257485029940115,2086,0.03899721448467967,0.25838926174496646,6.872794800371402,21.094736842105263,0.1541318477251625,2.1996285979572887,18.592564824317062,hobbies
ce05,1010,1954,0.48311156601842375,1643,0.013861386138613862,0.21119902617163724,6.193069306930693,16.016393442622952,0.04950495049504951,1.8594059405940595,12.597383541632855,hobbies
ce06,1051,1964,0.464867617107943,1945,0.019029495718363463,0.2442159383033419,6.466222645099905,21.347826086956523,0.08277830637488107,2.0808753568030447,17.289981384188973,hobbies
ce07,1044,1971,0.4703196347031964,1502,0.038314176245210725,0.16844207723035953,5.573754789272031,11.945454545454545,0.05651340996168582,1.6264367816091954,8.26068129571578,hobbies
ce08,1010,1988,0.49195171026156936,1997,0.023762376237623763,0.31246870305458185,6.743564356435644,16.847457627118644,0.12376237623762376,2.226732673267327,17.25595401913073,hobbies
ce09,983,1700,0.42176470588235293,1363,0.042726347914547304,0.13352898019075568,5.490335707019328,18.47826086956522,0.03560528992878942,1.6714140386571719,11.339207395285062,hobbies
ce10,1004,1941,0.48274085522926324,1593,0.04282868525896414,0.22096672944130571,5.953187250996016,19.606060606060606,0.04282868525896414,1.848605577689243,13.869909453096707,hobbies
ce11,1075,2000,0.4625,1582,0.03906976744186046,0.19911504424778761,5.921860465116279,21.05263157894737,0.02883720930232558,1.733953488372093,13.081177478580177,hobbies
ce12,1123,1959,0.4267483409903011,2101,0.0213713268032057,0.2513089005235602,6.48886910062333,19.396039603960396,0.0917186108637578,2.076580587711487,16.4781063805401,hobbies
ce13,1013,1976,0.48734817813765186,1561,0.044422507403751234,0.2114029468289558,6.088845014807503,26.346666666666668,0.04738400789733465,1.8292201382033564,16.269997630799605,hobbies
ce14,1162,1937,0.40010325245224576,1732,0.013769363166953529,0.15011547344110854,5.880378657487091,13.545454545454545,0.03700516351118761,1.7082616179001722,9.85021436394931,hobbies
ce15,1315,1967,0.33146924250127097,1810,0.01749049429657795,0.15138121546961325,5.442585551330798,12.69032258064516,0.030418250950570342,1.5741444866920151,7.934130749417392,hobbies
ce16,989,1933,0.48836006207966887,1374,0.04853387259858443,0.1819505094614265,5.6723963599595555,13.906474820143885,0.029322548028311426,1.6167846309403437,8.91158382495217,hobbies
ce17,1035,2000,0.48250000000000004,1706,0.020289855072463767,0.2198124267291911,6.026086956521739,20.408163265306122,0.06859903381642513,1.826086956521739,13.917009760425909,hobbies
ce18,1022,1955,0.47723785166240407,1709,0.022504892367906065,0.23405500292568754,6.460861056751468,26.41891891891892,0.07436399217221135,1.946183953033268,17.678349024170945,hobbies
ce19,1019,1985,0.4866498740554156,1627,0.015701668302257114,0.17947141979102643,5.924435721295388,19.08653846153846,0.053974484789008834,1.802747791952895,13.126173945044162,hobbies
ce20,1024,1948,0.47433264887063653,1741,0.0205078125,0.21711659965537047,6.130859375,15.584,0.064453125,1.91796875,13.119791250000002,hobbies
ce21,1070,1991,0.4625816172777498,2026,0.005607476635514018,0.2596248766041461,6.282242990654206,18.26605504587156,0.11214953271028037,2.0570093457943925,15.806471748263743,hobbies
ce22,1102,1987,0.44539506794162054,2028,0.06715063520871144,0.27514792899408286,6.973684210526316,22.325842696629213,0.11705989110707804,2.249546279491833,19.661724749689018,hobbies
ce23,1057,1982,0.4667003027245207,1848,0.01892147587511826,0.24675324675324675,6.428571428571429,26.783783783783782,0.09649952696310313,2.033112582781457,18.84640415249687,hobbies
ce24,1026,1983,0.48260211800302577,1669,0.008771929824561403,0.19233073696824446,6.155945419103314,16.66386554621849,0.06140350877192982,1.8167641325536061,12.346724327157762,hobbies
ce25,1081,1968,0.4507113821138211,2123,0.032377428307123035,0.2628356099858691,6.974098057354301,19.106796116504853,0.0971322849213691,2.2682701202590194,18.627237904493324,hobbies
ce26,1019,1961,0.4803671596124426,2009,0.05789990186457311,0.2697859631657541,6.973503434739941,23.345238095238095,0.14131501472031405,2.31207065750736,20.797076615729704,hobbies
ce27,1185,1887,0.37201907790143085,2013,0.04810126582278481,0.2518628912071535,6.349367088607595,15.59504132231405,0.12236286919831224,2.010970464135021,14.221517592495726,hobbies
ce28,1080,1979,0.45426983324911574,2250,0.005555555555555556,0.2817777777777778,7.17962962962963,12.605095541401274,0.11481481481481481,2.2814814814814817,16.247468742627984,hobbies
ce29,1067,2012,0.4696819085487077,2285,0.0028116213683223993,0.2835886214442013,7.154639175257732,22.355555555555554,0.14620431115276475,2.3767572633552017,21.174402374258047,hobbies
ce30,1073,1961,0.4528301886792453,2171,0.003727865796831314,0.2538000921234454,6.769804287045666,9.565853658536586,0.12022367194780988,2.2162162162162162,14.292034278180619,hobbies
ce31,1115,1941,0.42555383822771764,2167,0.013452914798206279,0.26765113059529305,6.75067264573991,18.66346153846154,0.12556053811659193,2.145291479820628,17.003189461883412,hobbies
ce32,1071,1992,0.4623493975903614,2381,0.014005602240896359,0.3095338093238135,7.2595704948646125,19.529411764705884,0.1858076563958917,2.4323062558356674,20.727684407096174,hobbies
ce33,1034,1957,0.4716402657128258,1781,0.015473887814313346,0.24312184166198764,6.193423597678917,17.31858407079646,0.09187620889748549,1.9381044487427466,14.03388028277503,hobbies
ce34,1129,1909,0.40859088528025145,2120,0.025686448184233834,0.2617924528301887,6.683790965456156,16.316239316239315,0.08325952170062002,2.108945969884854,15.658895777974614,hobbies
ce35,1020,1911,0.46624803767660905,1566,0.024509803921568627,0.18454661558109833,5.872549019607843,19.303030303030305,0.050980392156862744,1.7754901960784313,12.888966131907306,hobbies
ce36,959,1961,0.5109637939826619,1713,0.01251303441084463,0.2510215995329831,6.139728884254431,25.80263157894737,0.08133472367049009,1.9822732012513034,17.863850090554852,hobbies
cf01,1041,1983,0.4750378214826021,1992,0.027857829010566763,0.2535140562248996,6.848222862632085,30.984375,0.1143131604226705,2.15850144092219,21.964223252881848,lore
cf02,1026,1963,0.4773306164034641,1649,0.029239766081871343,0.2025469981807156,6.00682261208577,14.540740740740741,0.05165692007797271,1.820662768031189,11.564709551656922,lore
cf03,1013,1981,0.48864209994952046,1984,0.0315893385982231,0.2746975806451613,6.950641658440277,23.867469879518072,0.15202369200394866,2.246791707798618,20.230455405035745,lore
cf04,1110,1971,0.436834094368341,1810,0.008108108108108109,0.2138121546961326,6.103603603603603,16.703389830508474,0.06396396396396396,1.7864864864864864,12.00486257443885,lore
cf05,1127,1954,0.4232343909928352,1747,0.012422360248447204,0.1797366914710933,5.920141969831411,21.010752688172044,0.05412599822537711,1.7453416149068324,13.199224604287721,lore
cf06,965,2033,0.5253320216428923,1591,0.008290155440414507,0.1910747957259585,5.786528497409327,9.635071090047393,0.0922279792746114,1.8113989637305699,9.542185497139208,lore
cf07,1037,2000,0.48150000000000004,2113,0.006750241080038573,0.27638428774254614,6.755062680810029,22.988505747126435,0.15911282545805208,2.227579556412729,19.660956007049517,lore
cf08,1042,1980,0.4737373737373738,2003,0.01055662188099808,0.2561158262606091,6.527831094049904,17.52212389380531,0.1036468330134357,2.114203454894434,16.191229086338396,lore
cf09,1003,1972,0.4913793103448276,1657,0.020937188434695914,0.22872661436330718,5.953140578265204,15.053435114503817,0.07178464606181456,1.8295114656031903,11.869074988774138,lore
cf10,1031,1943,0.4693772516726711,1863,0.02521823472356935,0.2667740203972088,6.464597478176528,18.1588785046729,0.08729388942774007,2.0339476236663434,15.492544576085283,lore
cf11,1079,1987,0.4569703069954706,1832,0.016682113067655237,0.22816593886462883,6.241890639481001,17.278260869565216,0.10194624652455977,1.8897126969416127,13.447131563041467,lore
cf12,958,1999,0.5207603801900951,1753,0.030271398747390398,0.24871648602395893,6.556367432150314,20.397959183673468,0.09603340292275574,2.105427974947808,17.20925418601679,lore
cf13,1057,2041,0.48211660950514457,1800,0.003784295175023652,0.22166666666666668,5.949858088930936,16.45967741935484,0.09082308420056764,1.8968779564806055,13.212434080019538,lore
cf14,964,1978,0.512639029322548,1884,0.012448132780082987,0.2749469214437367,6.758298755186722,25.358974358974358,0.1462655601659751,2.162863070539419,19.82178423236515,lore
cf15,1058,1967,0.4621250635485511,2304,0.006616257088846881,0.3237847222222222,7.245746691871456,23.98780487804878,0.20699432892249528,2.3534971644612477,21.53651044308175,lore
cf16,1087,1964,0.44653767820773926,1687,0.034958601655933765,0.22703023117960877,5.977000919963201,15.967479674796747,0.034958601655933765,1.7782888684452622,11.621125720824828,lore
cf17,1066,1942,0.451081359423275,1732,0.03377110694183865,0.21304849884526558,6.145403377110695,26.602739726027398,0.04221388367729831,1.900562851782364,17.21171014418258,lore
cf18,1014,1990,0.49045226130653263,1525,0.07199211045364892,0.21639344262295082,6.018737672583827,19.9,0.048323471400394474,1.8284023668639053,13.746147928994084,lore
cf19,1070,2047,0.47728382999511476,2265,0.010280373831775701,0.32317880794701986,6.923364485981309,22.744444444444444,0.1485981308411215,2.325233644859813,20.71809034267913,lore
cf20,983,1923,0.4888195527821113,1675,0.06002034587995931,0.2298507462686567,6.519837232960326,21.60674157303371,0.09969481180061038,2.026449643947101,16.748735012058933,lore
cf21,1002,1943,0.4843026248069995,1760,0.013972055888223553,0.24034090909090908,6.431137724550898,20.030927835051546,0.0718562874251497,1.9840319361277445,15.633638701977493,lore
cf22,1113,2121,0.4752475247524752,1784,0.026954177897574125,0.22365470852017938,5.945193171608266,17.675,0.05480682839173405,1.8499550763701706,13.132719901168013,lore
cf23,996,1993,0.5002508780732564,1990,0.020080321285140562,0.2964824120603015,6.789156626506024,23.174418604651162,0.12650602409638553,2.2389558232931726,19.86770197067339,lore
cf24,1051,1986,0.4707955689828801,1662,0.039961941008563276,0.20998796630565583,5.968601332064701,13.41891891891892,0.05137963843958135,1.8097050428163655,10.997897883611493,lore
cf25,1060,1970,0.46192893401015234,1907,0.022641509433962263,0.23544834819087573,6.656603773584906,18.942307692307693,0.09056603773584905,2.0839622641509434,16.388254716981134,lore
cf26,1094,2001,0.4532733633183408,1606,0.01736745886654479,0.1843088418430884,5.60054844606947,19.240384615384617,0.033820840950639856,1.653564899451554,11.425815813528338,lore
cf27,1021,2007,0.49128051818634777,1625,0.03525954946131244,0.21476923076923077,6.049951028403526,27.12162162162162,0.06758080313418217,1.843290891283056,16.738264949572493,lore
cf28,1045,1984,0.4732862903225806,1910,0.016267942583732056,0.24031413612565444,6.504306220095693,21.333333333333332,0.09186602870813397,2.025837320574163,16.634880382775126,lore
cf29,1120,1966,0.4303153611393693,2115,0.017857142857142856,0.25059101654846333,6.615178571428571,20.479166666666668,0.10089285714285715,2.1107142857142858,17.303303571428575,lore
cf30,1053,1956,0.4616564417177914,1851,0.02184235517568851,0.22636412749864937,6.540360873694207,20.80851063829787,0.060778727445394115,1.9753086419753085,15.833961124244812,lore
cf31,961,1989,0.5168426344896933,1596,0.005202913631633715,0.22807017543859648,6.138397502601457,19.310679611650485,0.04994797086368366,1.8522372528616025,13.7975646323106,lore
cf32,995,1950,0.4897435897435898,1730,0.010050251256281407,0.22601156069364162,6.282412060301508,20.74468085106383,0.0914572864321608,1.9527638190954775,15.54303859724153,lore
cf33,1018,1999,0.4907453726863432,1999,0.0019646365422396855,0.2666333166583292,6.69155206286837,22.211111111111112,0.15520628683693516,2.12671905697446,18.167618205631964,lore
cf34,1151,1955,0.4112531969309463,1989,0.03388357949609035,0.2498743086978381,6.191138140747176,17.93577981651376,0.05734144222415291,1.9313640312771503,14.195049697510743,lore
cf35,1031,1994,0.4829488465396189,1351,0.11736178467507274,0.21391561806069578,5.824442289039768,20.770833333333332,0.04364694471387003,1.7158098933074686,12.75718174102813,lore
cf36,998,2015,0.5047146401985112,1333,0.041082164328657314,0.14103525881470366,5.468937875751503,14.708029197080291,0.022044088176352707,1.5200400801603207,8.0826043327531,lore
cf37,932,2011,0.5365489806066633,1870,0.018240343347639486,0.2823529411764706,7.042918454935623,21.16842105263158,0.21995708154506438,2.273605150214592,19.494224983058505,lore
cf38,1154,2134,0.4592314901593252,1790,0.010398613518197574,0.17486033519553074,5.848353552859619,36.793103448275865,0.04072790294627383,1.7287694974003467,19.158790414151678,lore
cf39,1090,2040,0.46568627450980393,2652,0.013761467889908258,0.2918552036199095,7.61651376146789,30.90909090909091,0.1688073394495413,2.6660550458715595,27.92399499582986,lore
cf40,1063,1945,0.45347043701799483,2211,0.016933207902163686,0.29172320217096337,7.0583254938852305,20.69148936170213,0.14016933207902163,2.2812793979303856,19.398777746642384,lore
cf41,1050,1998,0.47447447447447444,1742,0.06285714285714286,0.2296211251435132,6.1066666666666665,20.8125,0.04380952380952381,1.9819047619047618,15.913351190476192,lore
cf42,946,1995,0.5258145363408522,1732,0.008456659619450317,0.23729792147806006,6.503171247357294,19.752475247524753,0.0824524312896406,2.040169133192389,16.187461118204844,lore
cf43,1031,2001,0.48475762118940535,1832,0.01066925315227934,0.22980349344978165,6.348205625606208,23.541176470588237,0.11251212415130941,1.9864209505334627,17.030826039824273,lore
cf44,1068,1978,0.46006066734074824,2480,0.011235955056179775,0.33548387096774196,7.6367041198501875,29.52238805970149,0.23876404494382023,2.5580524344569286,26.108750069875345,lore
cf45,1026,2001,0.487256371814093,1850,0.05555555555555555,0.2427027027027027,6.677387914230019,20.21212121212121,0.07115009746588694,2.101364522417154,17.088828637249694,lore
cf46,1090,1990,0.4522613065326633,2085,0.029357798165137616,0.24844124700239809,6.8137614678899086,17.304347826086957,0.0963302752293578,2.1513761467889907,16.544934184284006,lore
cf47,970,2004,0.5159680638722555,1690,0.024742268041237112,0.24319526627218935,6.052577319587629,18.72897196261682,0.07938144329896907,1.945360824742268,14.669556797379325,lore
cf48,999,1983,0.49621785173978816,2035,0.009009009009009009,0.28746928746928746,6.7997997997998,36.054545454545455,0.15715715715715717,2.244244244244244,24.95335480935481,lore
cg01,998,2040,0.5107843137254902,1890,0.008016032064128256,0.26296296296296295,6.744488977955911,21.93548387096774,0.11723446893787576,2.1392785571142285,18.208325683625322,belles_lettres
cg02,1055,1998,0.47197197197197194,2417,0.006635071090047393,0.32395531650806786,7.371563981042654,22.2,0.24360189573459715,2.5213270142180093,22.819658767772513,belles_lettres
cg03,1116,2027,0.4494326591021214,1973,0.012544802867383513,0.25747592498732896,6.31989247311828,16.216,0.06989247311827956,1.960573476702509,13.869007025089605,belles_lettres
cg04,986,2060,0.521359223300971,1491,0.02129817444219067,0.17303822937625754,5.803245436105477,14.405594405594405,0.030425963488843813,1.7038539553752536,10.133658491609811,belles_lettres
cg05,1031,2058,0.49902818270165206,1604,0.04655674102812803,0.2188279301745636,6.024248302618816,25.40740740740741,0.06304558680892337,1.8254122211445198,15.858753098394224,belles_lettres
cg06,1096,2062,0.46847720659553826,1933,0.03832116788321168,0.24418003103983446,6.552007299270073,17.775862068965516,0.07572992700729927,2.0638686131386863,15.696235841933053,belles_lettres
cg07,1071,1990,0.46180904522613064,2244,0.009337068160597572,0.31907308377896615,7.078431372549019,23.97590361445783,0.1503267973856209,2.323062558356676,21.172740598247334,belles_lettres
cg08,1095,1988,0.4491951710261569,2007,0.028310502283105023,0.2471350274040857,6.620091324200914,25.818181818181817,0.0958904109589041,2.135159817351598,19.67397675383977,belles_lettres
cg09,1017,1998,0.49099099099099097,1922,0.02261553588987217,0.2575442247658689,6.849557522123894,19.58823529411765,0.1750245821042281,2.1809242871189776,17.78431835270982,belles_lettres
cg10,999,2022,0.5059347181008902,1926,0.008008008008008008,0.27466251298027,6.768768768768769,31.107692307692307,0.12512512512512514,2.1331331331331334,21.712970970970975,belles_lettres
cg11,1007,2009,0.498755599800896,2052,0.010923535253227408,0.2729044834307992,6.936444885799404,21.602150537634408,0.13902681231380337,2.2452830188679247,19.329178332318936,belles_lettres
cg12,903,2020,0.552970297029703,1556,0.009966777408637873,0.21979434447300772,6.043189368770764,12.70440251572327,0.10077519379844961,1.8737541528239203,11.475015984454338,belles_lettres
cg13,992,1997,0.5032548823234853,2037,0.03024193548387097,0.2542955326460481,6.773185483870968,20.171717171717173,0.1592741935483871,2.2631048387096775,18.981606793743897,belles_lettres
cg14,975,1981,0.5078243311458859,1382,0.027692307692307693,0.15991316931982633,5.781538461538462,26.77027027027027,0.03282051282051282,1.636923076923077,14.166097713097717,belles_lettres
cg15,1031,2072,0.5024131274131274,1884,0.06983511154219205,0.25690021231422505,6.806983511154219,29.6,0.12415130940834142,2.175557710960233,21.625580989330746,belles_lettres
cg16,1039,2023,0.486406327236777,2211,0.04716073147256978,0.27137042062415195,7.248315688161694,28.9,0.21751684311838307,2.4446583253128007,24.52796823869105,belles_lettres
cg17,1030,2047,0.49682462139716654,1879,0.021359223300970873,0.2538584353379457,6.4553398058252425,15.746153846153845,0.11650485436893204,2.0466019417475727,14.700902912621363,belles_lettres
cg18,972,1979,0.5088428499242041,1676,0.03806584362139918,0.2350835322195704,6.445473251028806,19.21359223300971,0.08847736625514403,2.0205761316872426,15.746099324783252,belles_lettres
cg19,1029,1985,0.4816120906801008,2019,0.013605442176870748,0.24616146607231304,6.671525753158406,19.271844660194176,0.16812439261418854,2.1593780369290574,17.40668025323861,belles_lettres
cg20,1024,2025,0.494320987654321,2037,0.005859375,0.28718703976435933,6.8994140625,23.546511627906977,0.126953125,2.2158203125,19.73981922238372,belles_lettres
cg21,959,1981,0.5159010600706714,2053,0.016684045881126174,0.3068679980516318,6.979144942648592,20.635416666666668,0.20020855057351408,2.370177267987487,20.42590426225235,belles_lettres
cg22,1051,2000,0.47450000000000003,2343,0.0019029495718363464,0.29236022193768674,7.153187440532826,21.05263157894737,0.14367269267364416,2.43767840152236,21.38513145375332,belles_lettres
cg23,1018,1973,0.48403446528129757,1959,0.018664047151277015,0.27054619703930577,6.611001964636542,13.894366197183098,0.10510805500982318,2.119842829076621,14.842948200005537,belles_lettres
cg24,959,2024,0.5261857707509882,2066,0.005213764337851929,0.2962245885769603,7.137643378519291,28.507042253521128,0.16371220020855057,2.344108446298227,23.18822614519232,belles_lettres
cg25,977,2005,0.512718204488778,2083,0.03480040941658137,0.300528084493519,7.316274309109519,19.095238095238095,0.24667349027635618,2.4564994882292734,20.84383681824828,belles_lettres
cg26,978,2027,0.5175135668475579,1799,0.03067484662576687,0.22957198443579765,6.438650306748467,25.3375,0.1329243353783231,2.0664621676891617,18.675878578732114,belles_lettres
cg27,1025,1972,0.4802231237322515,1681,0.04975609756097561,0.20939916716240334,6.3239024390243905,21.91111111111111,0.06439024390243903,1.9170731707317072,15.576796747967482,belles_lettres
cg28,974,1971,0.5058346017250127,1874,0.026694045174537988,0.24759871931696906,6.924024640657084,32.85,0.12422997946611909,2.2166324435318274,23.377762833675565,belles_lettres
cg29,936,1984,0.5282258064516129,1948,0.017094017094017096,0.2936344969199179,6.910256410256411,25.766233766233768,0.12072649572649573,2.3044871794871793,21.651779886779888,belles_lettres
cg30,1072,1981,0.45885916203937405,2202,0.058768656716417914,0.30926430517711173,7.351679104477612,15.4765625,0.15578358208955223,2.515858208955224,20.132986240671645,belles_lettres
cg31,1016,1993,0.49021575514300053,1820,0.05610236220472441,0.23296703296703297,6.496062992125984,35.589285714285715,0.07677165354330709,2.0669291338582676,22.679585208098988,belles_lettres
cg32,1018,1992,0.48895582329317266,1686,0.03241650294695481,0.22182680901542112,6.230844793713163,20.12121212121212,0.068762278978389,1.8988212180746562,14.66336310055367,belles_lettres
cg33,927,2045,0.5466992665036674,1551,0.023732470334412083,0.2063185041908446,6.167206040992449,28.013698630136986,0.07982740021574973,1.8888888888888888,17.624231354642315,belles_lettres
cg34,1046,1969,0.4687658710005078,1870,0.021032504780114723,0.24919786096256685,6.388145315487572,16.6864406779661,0.07934990439770555,2.020076481835564,14.754614350066436,belles_lettres
cg35,1090,2041,0.4659480646741794,2215,0.001834862385321101,0.2925507900677201,6.922018348623853,24.011764705882353,0.14678899082568808,2.2256880733944953,20.037707501349164,belles_lettres
cg36,934,1924,0.5145530145530146,1632,0.027837259100642397,0.23345588235294118,6.414346895074947,12.57516339869281,0.10385438972162742,1.967880085653105,12.535298736196832,belles_lettres
cg37,1020,1998,0.48948948948948945,1672,0.030392156862745098,0.22966507177033493,6.216666666666667,18.849056603773583,0.05,1.8892156862745098,14.053877173510916,belles_lettres
cg38,968,1992,0.5140562248995983,1767,0.025826446280991736,0.2631578947368421,6.700413223140496,27.28767123287671,0.11880165289256199,2.0795454545454546,19.590828144458282,belles_lettres
cg39,1064,2018,0.4727452923686819,1657,0.02725563909774436,0.22450211225105612,6.1381578947368425,20.804123711340207,0.05921052631578947,1.894736842105263,14.881502984264788,belles_lettres
cg40,1005,1962,0.48776758409785936,1654,0.011940298507462687,0.22974607013301088,6.064676616915423,16.214876033057852,0.07860696517412935,1.864676616915423,12.736985732494556,belles_lettres
cg41,980,1991,0.5077850326469111,1474,0.01020408163265306,0.17435549525101765,5.661224489795918,17.936936936936938,0.04183673469387755,1.6489795918367347,10.863364589078877,belles_lettres
cg42,1050,2016,0.47916666666666663,2341,0.010476190476190476,0.3024348568987612,7.338095238095238,22.153846153846153,0.15619047619047619,2.4704761904761905,22.20161904761905,belles_lettres
cg43,991,1990,0.5020100502512563,2004,0.013118062563067608,0.25898203592814373,6.8678102926337035,25.512820512820515,0.16750756811301715,2.277497477295661,21.234470232088807,belles_lettres
cg44,1021,1989,0.48667672197083967,2144,0.021547502448579822,0.269589552238806,7.058765915768854,28.82608695652174,0.1665034280117532,2.376101860920666,23.69017587190734,belles_lettres
cg45,1029,2013,0.48882265275707903,1779,0.014577259475218658,0.24339516582349635,6.360544217687075,20.540816326530614,0.08454810495626822,1.9727891156462585,15.69982993197279,belles_lettres
cg46,1063,1984,0.4642137096774194,2188,0.01599247412982126,0.27696526508226693,6.9887111947318905,23.341176470588234,0.1665098777046096,2.29444967074318,20.587564938298936,belles_lettres
cg47,980,1979,0.504800404244568,1557,0.0163265306122449,0.19781631342324985,6.080612244897959,12.85064935064935,0.06326530612244897,1.7887755102040817,10.529304267161411,belles_lettres
cg48,1081,1984,0.4551411290322581,1910,0.005550416281221091,0.24450261780104712,6.372802960222017,19.262135922330096,0.07770582793709528,1.948196114708603,14.910947163270254,belles_lettres
cg49,960,2064,0.5348837209302326,1648,0.027083333333333334,0.2408980582524272,6.3625,26.126582278481013,0.08958333333333333,1.9489583333333333,17.597075421940932,belles_lettres
cg50,1094,2002,0.4535464535464535,1737,0.0712979890310786,0.22452504317789293,6.3208409506398535,21.29787234042553,0.06672760511882998,1.9780621572212065,16.057303667976196,belles_lettres
cg51,1014,1987,0.48968293910417715,1679,0.045364891518737675,0.24121500893388922,6.285996055226825,18.063636363636363,0.06607495069033531,1.928007889546351,14.205311278465128,belles_lettres
cg52,1021,2011,0.4922923918448533,1863,0.010773751224289911,0.25925925925925924,6.5073457394711065,24.228915662650603,0.09500489715964741,2.0440744368266404,17.979355462988092,belles_lettres
cg53,1008,1987,0.49270256668344237,1718,0.054563492063492064,0.26542491268917345,6.5625,19.87,0.08234126984126984,2.001984126984127,15.782712698412702,belles_lettres
cg54,986,1995,0.505764411027569,1563,0.005070993914807302,0.19961612284069097,5.81947261663286,17.5,0.055780933062880324,1.7484787018255579,11.867048681541583,belles_lettres
cg55,942,2001,0.5292353823088456,1719,0.016985138004246284,0.26236183827806864,6.389596602972399,18.357798165137616,0.1454352441613588,2.0498938428874736,15.75828863047586,belles_lettres
cg56,999,2008,0.5024900398406374,1822,0.03303303303303303,0.27497255762897915,6.352352352352352,26.07792207792208,0.12312312312312312,2.073073073073073,19.04265187265187,belles_lettres
cg57,1070,2013,0.468455042225534,2419,0.011214953271028037,0.3050847457627119,7.3542056074766355,24.253012048192772,0.21588785046728973,2.4813084112149535,23.148113951131638,belles_lettres
cg58,1016,1991,0.48970366649924657,1884,0.017716535433070866,0.25902335456475584,6.563976377952756,26.546666666666667,0.08169291338582677,2.0718503937007875,19.21103464566929,belles_lettres
cg59,1000,2088,0.5210727969348659,1697,0.069,0.2374779021803182,6.399,44.42553191489362,0.08,2.013,25.489357446808516,belles_lettres
cg60,946,1999,0.5267633816908455,1376,0.0200845665961945,0.15915697674418605,5.638477801268499,16.798319327731093,0.02748414376321353,1.6479915433403804,10.407644749231618,belles_lettres
cg61,1038,1973,0.4738976178408515,2021,0.04431599229287091,0.2736269173676398,6.959537572254336,20.98936170212766,0.13102119460500963,2.2466281310211946,19.106063009879886,belles_lettres
cg62,1104,1974,0.4407294832826748,2082,0.012681159420289856,0.2584053794428434,6.529891304347826,26.675675675675677,0.11684782608695653,2.0996376811594204,19.589238151194674,belles_lettres
cg63,1041,2003,0.4802795806290564,1946,0.05091258405379443,0.2589928057553957,6.761767531219981,18.89622641509434,0.10182516810758886,2.1815561959654177,17.521891414278723,belles_lettres
cg65,1015,2025,0.49876543209876545,2216,0.016748768472906402,0.296028880866426,7.327093596059114,23.823529411764707,0.1684729064039409,2.454187192118227,22.66058533758331,belles_lettres
cg66,939,1999,0.5302651325662832,1507,0.02875399361022364,0.21035169210351692,6.026624068157615,25.628205128205128,0.039403620873269436,1.8509052183173589,16.245681576144836,belles_lettres
cg67,978,2056,0.52431906614786,1653,0.018404907975460124,0.19419237749546278,6.158486707566462,24.476190476190474,0.06032719836400818,1.8885480572597138,16.24058136137891,belles_lettres
cg68,1006,2020,0.501980198019802,1746,0.061630218687872766,0.25773195876288657,6.650099403578529,24.938271604938272,0.10238568588469185,2.1123260437375744,19.06137324202931,belles_lettres
cg69,1114,2011,0.44604674291397317,2108,0.02872531418312388,0.25664136622390893,6.793536804308797,41.04081632653061,0.11490125673249552,2.172351885098743,26.04967061151211,belles_lettres
cg70,927,2001,0.5367316341829085,1737,0.011866235167206042,0.26424870466321243,6.43042071197411,22.48314606741573,0.11650485436893204,2.0658036677454152,17.55491024568804,belles_lettres
cg71,984,1979,0.5027791814047499,1771,0.044715447154471545,0.25917560700169395,6.548780487804878,29.984848484848484,0.12804878048780488,2.1148373983739837,21.059172209903924,belles_lettres
cg72,1036,1986,0.47834843907351465,2273,0.007722007722007722,0.3260008798944127,6.999034749034749,23.927710843373493,0.19884169884169883,2.4005791505791505,22.06864120574964,belles_lettres
cg73,1060,2004,0.47105788423153694,2038,0.010377358490566037,0.24288518155053976,6.419811320754717,21.782608695652176,0.11037735849056604,2.0943396226415096,17.618424938474167,belles_lettres
cg74,1007,1973,0.4896097313735428,1850,0.04369414101290963,0.2464864864864865,6.554121151936445,22.420454545454547,0.13306852035749753,2.1489572989076464,18.511673399837502,belles_lettres
cg75,939,1987,0.5274282838449924,1511,0.0362087326943557,0.2058239576439444,5.879659211927582,14.93984962406015,0.0617678381256656,1.8157614483493079,11.662526443905293,belles_lettres
ch01,1236,1997,0.3810716074111167,2719,0.025080906148867314,0.3475542478852519,7.415048543689321,22.693181818181817,0.18770226537216828,2.427993527508091,21.910664533686383,government
ch02,1068,2087,0.48826066123622425,2381,0.0009363295880149813,0.2780344393112138,7.309925093632959,21.96842105263158,0.1891385767790262,2.3679775280898876,20.919819041986987,government
ch03,948,2005,0.5271820448877805,1779,0.013713080168776372,0.2748735244519393,6.594936708860759,24.753086419753085,0.1149789029535865,2.1181434599156117,19.057796530707922,government
ch04,1132,1985,0.4297229219143577,2393,0.0035335689045936395,0.3058921855411617,7.076855123674911,17.882882882882882,0.1439929328621908,2.3118374558303887,18.664006303122914,government
ch05,1035,2001,0.48275862068965514,2121,0.003864734299516908,0.3012729844413013,6.946859903381642,24.402439024390244,0.1536231884057971,2.2743961352657003,20.764825615647464,government
ch06,1236,2021,0.38842157347847606,2724,0.0040453074433656954,0.289647577092511,7.364077669902913,24.349397590361445,0.18042071197411003,2.3988673139158574,22.21289936444808,government
ch07,1190,2050,0.41951219512195126,2528,0.004201680672268907,0.3026107594936709,6.863865546218487,17.083333333333332,0.19831932773109243,2.2605042016806722,17.746449579831935,government
ch08,1054,1961,0.46251912289648134,1904,0.016129032258064516,0.2657563025210084,6.470588235294118,33.23728813559322,0.10910815939278938,2.001897533206831,20.99493326472197,government
ch09,1105,2039,0.45806768023540956,2279,0.019004524886877826,0.2961825362000878,7.006334841628959,37.07272727272727,0.1420814479638009,2.306787330316742,26.088454134101188,government
ch10,1156,1920,0.3979166666666667,2760,0.02768166089965398,0.3442028985507246,7.603806228373703,21.818181818181817,0.22837370242214533,2.6539792387543253,24.23604592639195,government
ch11,1129,1963,0.42485990830361686,2324,0.06820194862710363,0.3055077452667814,7.449955713020372,20.237113402061855,0.13020372010628875,2.4809565987599647,21.577762092171707,government
ch12,1001,2073,0.5171249397009166,2000,0.01098901098901099,0.3385,6.846153846153846,46.06666666666667,0.1928071928071928,2.203796203796204,28.38079520479521,government
ch13,1143,2034,0.43805309734513276,2145,0.005249343832020997,0.255011655011655,6.52580927384077,16.8099173553719,0.10498687664041995,2.0612423447069115,15.2885274361366,government
ch14,1072,1946,0.4491264131551901,2229,0.0037313432835820895,0.33243606998654107,6.952425373134329,19.46,0.15205223880597016,2.263059701492537,18.70350447761194,government
ch15,1090,1976,0.4483805668016194,1938,0.012844036697247707,0.24871001031991744,6.5752293577981655,12.831168831168831,0.13577981651376148,1.998165137614679,12.992504468009056,government
ch16,1113,2040,0.4544117647058824,2166,0.011680143755615454,0.27977839335180055,6.912848158131177,31.875,0.1518418688230009,2.2174303683737646,23.006928346810422,government
ch17,1030,2141,0.5189163942083139,2190,0.015533980582524271,0.32009132420091324,7.165048543689321,20.009345794392523,0.2,2.358252427184466,20.041023500589784,government
ch18,956,2044,0.5322896281800391,1985,0.0020920502092050207,0.31133501259445845,6.900627615062762,21.74468085106383,0.16108786610878661,2.25,19.440425531914894,government
ch19,1060,1997,0.4692038057085628,2123,0.002830188679245283,0.2878002826189355,6.821698113207547,20.377551020408163,0.1490566037735849,2.190566037735849,18.205924143242203,government
ch20,1167,2073,0.43704775687409547,2451,0.011996572407883462,0.3117095063239494,7.179948586118252,23.556818181818183,0.17652099400171378,2.2947729220222794,20.675479570771987,government
ch21,1067,1985,0.4624685138539043,2359,0.005623242736644799,0.2878338278931751,7.352389878163074,22.816091954022987,0.1696344892221181,2.3983130271790065,21.608369582781247,government
ch22,1152,2186,0.4730100640439159,2548,0.008680555555555556,0.358712715855573,7.1484375,37.05084745762712,0.1675347222222222,2.4192708333333335,27.407226341807917,government
ch23,1021,1958,0.47854954034729313,2156,0.01860920666013712,0.313543599257885,7.51126346718903,29.666666666666668,0.15083251714005877,2.386875612144956,24.145132223310487,government
ch24,1101,2090,0.4732057416267943,2009,0.004541326067211626,0.2463912394225983,6.138964577656676,16.991869918699187,0.09355131698455948,2.0154405086285196,14.819027270109213,government
ch25,997,1976,0.49544534412955465,1996,0.014042126379137413,0.28607214428857713,6.848545636910732,32.39344262295082,0.1675025075225677,2.19358074222668,22.92769538122565,government
ch26,1075,1893,0.4321183306920232,2054,0.0065116279069767444,0.2555988315481986,6.777674418604652,26.291666666666668,0.11162790697674418,2.1023255813953488,19.471191860465115,government
ch27,1138,1982,0.42583249243188703,2296,0.021968365553602813,0.2770034843205575,7.068541300527241,22.269662921348313,0.13620386643233742,2.2618629173989455,19.7851509646334,government
ch28,1132,1997,0.4331497245868803,2514,0.009717314487632508,0.3042959427207637,7.4734982332155475,19.388349514563107,0.15724381625441697,2.4381625441696113,20.74177433188103,government
ch29,1052,1907,0.448348190875721,2223,0.006653992395437262,0.2811515969410706,7.1216730038022815,31.262295081967213,0.14258555133079848,2.2956273764258555,23.690698123792306,government
ch30,1074,1985,0.4589420654911839,2390,0.006517690875232775,0.28535564853556483,7.4487895716946,20.463917525773194,0.16666666666666666,2.4497206703910615,21.297631745666077,government
cj01,967,1897,0.4902477596204533,1961,0.04963805584281282,0.29372768995410503,7.098241985522233,27.492753623188406,0.13650465356773525,2.389865563598759,23.33258756350884,learned
cj02,1101,1962,0.4388379204892966,1970,0.055404178019981834,0.267005076142132,6.551316984559492,18.0,0.1044504995458674,2.146230699364214,16.75552225249773,learned
cj03,962,2000,0.519,1734,0.07692307692307693,0.3160322952710496,6.664241164241164,22.988505747126435,0.16112266112266113,2.186070686070686,19.171151337013402,learned
cj04,1143,2023,0.434997528423134,2090,0.1373578302712161,0.3095693779904306,6.646544181977253,19.266666666666666,0.1452318460192476,2.2537182852143482,18.517875765529315,learned
cj05,1117,1981,0.43614336193841496,2187,0.06982990152193375,0.27023319615912206,7.189794091316025,21.76923076923077,0.11638316920322292,2.3643688451208593,20.799552372426145,learned
cj06,1068,1966,0.45676500508647,2076,0.0945692883895131,0.2866088631984586,7.110486891385768,22.597701149425287,0.15823970037453183,2.3183520599250937,20.579657755391974,learned
cj07,1090,2049,0.46803318692044904,2097,0.061467889908256884,0.30138292799237004,6.795412844036697,22.27173913043478,0.14678899082568808,2.291743119266055,20.138547068209018,learned
cj08,1078,1968,0.4522357723577236,2388,0.03710575139146568,0.3036013400335008,7.222634508348794,17.263157894736842,0.18274582560296845,2.479591836734694,20.401815252416757,learned
cj09,1073,1873,0.4271222637479979,1993,0.1342031686859273,0.2744606121424987,6.931966449207828,18.009615384615383,0.10904007455731593,2.358807082945014,19.267673578751168,learned
cj10,1022,1984,0.4848790322580645,1556,0.06555772994129158,0.20886889460154243,6.011741682974559,20.88421052631579,0.060665362035225046,1.8571428571428572,14.469127819548874,learned
cj11,1062,1941,0.4528593508500772,1925,0.032015065913371,0.2935064935064935,6.516007532956685,23.962962962962962,0.09227871939736347,2.0725047080979286,18.211111111111112,learned
cj12,1060,1914,0.4461859979101358,2045,0.09339622641509433,0.26748166259168704,7.080188679245283,18.95049504950495,0.17735849056603772,2.3981132075471696,20.098428918363535,learned
cj13,1040,1911,0.45578231292517,1918,0.020192307692307693,0.2737226277372263,6.558653846153846,25.824324324324323,0.1346153846153846,2.1076923076923078,19.35225571725572,learned
cj16,1087,1906,0.42969569779643235,1890,0.14443422263109476,0.2608465608465608,6.814167433302668,23.24390243902439,0.06623735050597976,2.1490340386384545,18.833723607153278,learned
cj17,1142,2053,0.4437408670238675,2751,0.07005253940455342,0.3013449654671029,8.126970227670753,25.34567901234568,0.23992994746059546,2.829246935201401,27.679928650191354,learned
cj19,992,1896,0.47679324894514763,2016,0.025201612903225805,0.30456349206349204,6.503024193548387,14.8125,0.1693548387096774,2.189516129032258,16.023165322580645,learned
cj20,961,1974,0.5131712259371835,1503,0.10093652445369407,0.2208915502328676,5.656607700312175,18.98076923076923,0.10509885535900104,1.8647242455775235,13.81624609781478,learned
cj22,1085,2002,0.458041958041958,2467,0.0018433179723502304,0.30887717875962706,7.414746543778802,28.197183098591548,0.19262672811059908,2.456221198156682,24.390311546699554,learned
cj23,1087,2001,0.4567716141929036,2388,0.025758969641214352,0.29731993299832493,7.31278748850046,22.48314606741573,0.17847286108555657,2.4443422263109476,22.02166523676132,learned
cj24,1089,1976,0.4488866396761133,2403,0.009182736455463728,0.29504785684560964,7.411386593204775,28.228571428571428,0.18640955004591367,2.442607897153352,24.24191604355241,learned
cj25,1103,2015,0.45260545905707195,2459,0.014505893019038985,0.30622204148027654,7.414324569356301,18.153153153153152,0.23481414324569355,2.4777878513145963,20.72762637524197,learned
cj26,1080,1924,0.43866943866943864,2422,0.037037037037037035,0.31213872832369943,7.421296296296297,20.25263157894737,0.1787037037037037,2.5064814814814813,21.885007797270955,learned
cj27,986,1995,0.505764411027569,1914,0.0010141987829614604,0.25862068965517243,6.755578093306288,20.78125,0.10649087221095335,2.1247464503042597,17.58669561359027,learned
cj28,893,1960,0.5443877551020408,1958,0.036954087346024636,0.2609805924412666,7.464725643896976,23.902439024390244,0.2116461366181411,2.4669652855543114,22.842141589053075,learned
cj29,1080,1975,0.4531645569620253,2207,0.028703703703703703,0.2881739918441323,7.4185185185185185,22.191011235955056,0.1648148148148148,2.3537037037037036,20.83819808572618,learned
cj30,994,2012,0.5059642147117296,1938,0.011066398390342052,0.25593395252837975,6.917505030181086,21.178947368421053,0.09557344064386318,2.2132796780684103,18.78648967489146,learned
cj31,919,1993,0.5388861013547416,1753,0.03373231773667029,0.2567027952082145,6.859630032644178,35.589285714285715,0.10663764961915125,2.191512513601741,24.149669089071974,learned
cj32,993,1947,0.4899845916795069,1851,0.054380664652567974,0.26742301458670986,6.613293051359516,21.16304347826087,0.21550855991943604,2.104733131923464,17.499437913218618,learned
cj33,940,2012,0.5328031809145128,1678,0.029787234042553193,0.2765196662693683,6.720212765957447,20.12,0.10212765957446808,2.027659574468085,16.183182978723405,learned
cj34,1043,1989,0.47561588738059324,2106,0.062320230105465,0.3238366571699905,7.331735378715244,19.310679611650485,0.1361457334611697,2.4180249280920423,20.47385920002979,learned
cj35,1012,1913,0.47098797699947725,1899,0.08794466403162056,0.2943654555028963,6.9189723320158105,22.24418604651163,0.15217391304347827,2.309288537549407,20.334837301222546,learned
cj36,1030,1994,0.4834503510531595,1956,0.018446601941747572,0.2719836400817996,6.631067961165049,25.564102564102566,0.08932038834951456,2.137864077669903,19.606796116504857,learned
cj37,1053,1949,0.45972293483837867,2335,0.03323836657169991,0.3019271948608137,7.505223171889838,20.302083333333332,0.201329534662868,2.5023741690408356,21.855827694681867,learned
cj38,1159,1964,0.409877800407332,2420,0.0008628127696289905,0.2900826446280992,7.039689387402934,21.822222222222223,0.18636755823986195,2.274374460742019,19.758285303422493,learned
cj39,1051,2001,0.4747626186906547,2011,0.007611798287345386,0.2262555942317255,6.568030447193149,20.628865979381445,0.08658420551855375,2.099904852521408,17.234134991711382,learned
cj40,1039,1951,0.46745258841619686,2068,0.0009624639076034649,0.26063829787234044,6.73339749759384,30.484375,0.13570741097208855,2.1645813282001924,21.84096592276227,learned
cj41,1019,1971,0.48300355149670215,2010,0.012757605495583905,0.2845771144278607,6.636898920510304,25.5974025974026,0.10794896957801767,2.124631992149166,19.463644520347177,learned
cj42,1088,2019,0.4611193660227836,2415,0.011948529411764705,0.31925465838509315,7.233455882352941,26.92,0.1792279411764706,2.4347426470588234,23.638763235294117,learned
cj43,1118,1946,0.4254881808838643,2251,0.012522361359570662,0.30741892492225675,7.038461538461538,20.9247311827957,0.19767441860465115,2.2459749552772807,19.07314963356224,learned
cj44,1046,1980,0.47171717171717176,2164,0.02390057361376673,0.294362292051756,7.318355640535373,27.887323943661972,0.1950286806883365,2.374760994263862,23.308236070341746,learned
cj45,1010,1933,0.4774961200206932,2064,0.02277227722772277,0.28439922480620156,7.24059405940594,19.525252525252526,0.09405940594059406,2.2455445544554458,18.522274227422745,learned
cj46,991,1992,0.5025100401606426,2054,0.010090817356205853,0.2789678675754625,7.065590312815338,23.714285714285715,0.15438950554994954,2.3370332996972754,21.23556436499928,learned
cj47,1082,1984,0.4546370967741935,2160,0.010166358595194085,0.26805555555555555,7.078558225508318,22.804597701149426,0.13863216266173753,2.213493530499076,19.423016763337376,learned
cj48,1083,1969,0.4499746063991874,2194,0.007386888273314866,0.2739288969917958,6.918744228993536,14.16546762589928,0.16897506925207756,2.185595567867036,15.724560074931745,learned
cj49,1011,1959,0.48392036753445633,2218,0.003956478733926805,0.32867448151487827,7.168150346191889,24.185185185185187,0.18397626112759644,2.4124629080118694,22.309284536762288,learned
cj50,1084,2002,0.45854145854145856,2177,0.008302583025830259,0.3247588424437299,6.857933579335794,31.77777777777778,0.16420664206642066,2.2306273062730626,23.124735547355474,learned
cj51,1046,1972,0.46957403651115615,2425,0.043021032504780114,0.328659793814433,7.562141491395794,18.96153846153846,0.22848948374760994,2.5774378585086044,22.21876673040153,learned
cj52,854,2013,0.5757575757575757,1382,0.02576112412177986,0.20043415340086831,6.0936768149882905,21.189473684210526,0.10187353629976581,1.8407494145199064,14.394737828177004,learned
cj53,944,1979,0.5229914098029308,1826,0.020127118644067795,0.2672508214676889,6.774364406779661,29.53731343283582,0.1461864406779661,2.1514830508474576,21.317052238805974,learned
cj54,1058,1966,0.4618514750762971,2049,0.01984877126654064,0.25134211810639334,6.659735349716446,24.575,0.09546313799621928,2.216446124763705,20.148314272211724,learned
cj55,1055,1971,0.46473871131405375,1719,0.016113744075829384,0.18964514252472367,6.055924170616113,23.746987951807228,0.03601895734597156,1.8132701421800947,15.067912978929936,learned
cj56,1089,1902,0.4274447949526814,1942,0.02295684113865932,0.24459320288362513,6.61248852157943,20.23404255319149,0.07621671258034894,2.0853994490358128,16.908990094367272,learned
cj57,970,2006,0.5164506480558325,1991,0.030927835051546393,0.27724761426418887,6.775257731958763,27.86111111111111,0.1824742268041237,2.343298969072165,22.926761168384882,learned
cj58,1067,1985,0.4624685138539043,2028,0.00937207122774133,0.27465483234714005,6.713214620431115,23.63095238095238,0.1358950328022493,2.1302717900656045,18.763278551345568,learned
cj59,948,1975,0.52,1776,0.03059071729957806,0.23536036036036037,6.670886075949367,34.05172413793103,0.11708860759493671,2.1529535864978904,23.095024734468215,learned
cj60,1127,1998,0.43593593593593594,2096,0.009760425909494233,0.22519083969465647,6.513753327417923,26.64,0.10736468500443656,2.0816326530612246,19.362865306122455,learned
cj61,1062,2017,0.473475458601884,1718,0.05273069679849341,0.2048894062863795,6.2824858757062145,24.011904761904763,0.07156308851224105,1.9199623352165724,16.430198412698413,learned
cj62,936,2009,0.5340965654554505,1900,0.007478632478632479,0.26631578947368423,6.777777777777778,25.1125,0.12713675213675213,2.1965811965811968,20.123533119658124,learned
cj63,1046,2004,0.4780439121756487,2094,0.009560229445506692,0.279847182425979,6.834608030592734,22.021978021978022,0.15678776290630975,2.229445506692161,19.30602840753893,learned
cj64,1037,2002,0.48201798201798207,1819,0.0626808100289296,0.2440901594282573,6.556412729026037,21.073684210526316,0.09932497589199614,2.0848601735776278,17.23008689032127,learned
cj65,976,1955,0.50076726342711,1766,0.020491803278688523,0.232163080407701,6.112704918032787,32.583333333333336,0.0942622950819672,2.0061475409836067,20.790040983606563,learned
cj66,1033,1983,0.4790721129601614,1920,0.041626331074540175,0.24739583333333334,6.657308809293321,17.548672566371682,0.12391093901258471,2.1713455953533396,16.87586032605437,learned
cj67,1043,1979,0.472966144517433,2026,0.06615532118887824,0.2976307996051333,6.735378715244487,31.41269841269841,0.10546500479386385,2.253116011505273,23.247721316714607,learned
cj68,1043,1967,0.46975088967971534,1824,0.05752636625119847,0.22971491228070176,6.568552253116011,34.50877192982456,0.09395973154362416,2.0642377756471717,22.226426805268208,learned
cj69,1111,1962,0.4337410805300713,2019,0.10261026102610261,0.2689450222882615,6.570657065706571,20.652631578947368,0.10621062106210621,2.1881188118811883,18.284328295987496,learned
cj70,1105,1918,0.4238790406673618,2177,0.07149321266968325,0.31924666972898486,6.661538461538462,14.868217054263566,0.11221719457013575,2.250678733031674,16.76661370093655,learned
cj71,1105,2006,0.4491525423728814,2560,0.006334841628959276,0.31171875,7.532126696832579,16.857142857142858,0.13846153846153847,2.4986425339366516,20.468267614738206,learned
cj72,1138,1960,0.41938775510204085,2302,0.13268892794376097,0.2997393570807993,7.719683655536028,21.0752688172043,0.18101933216168717,2.657293497363796,23.985418107602474,learned
cj73,1159,1973,0.412569690826153,2520,0.04227782571182054,0.319047619047619,7.459879206212252,14.507352941176471,0.1898188093183779,2.5142364106988784,19.73585729330559,learned
cj74,1186,1981,0.4013124684502777,2565,0.04131534569983136,0.29434697855750486,7.488195615514334,20.852631578947367,0.178752107925801,2.4890387858347385,21.913183988639393,learned
cj75,1069,2000,0.4655,1869,0.08512628624883069,0.2375601926163724,6.54911131898971,20.2020202020202,0.11131898971000935,2.043030869971936,16.396552144456727,learned
cj76,1165,1982,0.4122098890010091,2211,0.04377682403433476,0.2745364088647671,6.807725321888412,17.855855855855857,0.09871244635193133,2.190557939914163,17.22236747477091,learned
cj77,1178,2126,0.4459078080903104,2130,0.02461799660441426,0.2704225352112676,6.548387096774194,16.609375,0.07385398981324279,2.067062818336163,15.278997506366721,learned
cj78,1181,1964,0.39867617107942976,2313,0.10160880609652836,0.29874621703415477,7.058425063505504,17.854545454545455,0.14140558848433532,2.398814563928874,19.679284581633443,learned
cj79,1002,2011,0.5017404276479364,1848,0.08682634730538923,0.26731601731601734,6.245508982035928,23.38372093023256,0.1277445109780439,2.1087824351297404,18.413283897321637,learned
cj80,1085,2002,0.458041958041958,2211,0.04976958525345622,0.263681592039801,7.000921658986175,16.276422764227643,0.10230414746543778,2.36221198156682,18.63190626053726,learned
ck01,1021,1992,0.4874497991967871,1592,0.012732615083251714,0.18592964824120603,5.88050930460333,11.928143712574851,0.04211557296767875,1.7375122428991185,9.564620514113791,fiction
ck02,1000,1983,0.49571356530509325,1489,0.028,0.17797179314976494,5.769,13.867132867132867,0.055,1.67,9.52418181818182,fiction
ck03,924,1995,0.5368421052631579,1420,0.011904761904761904,0.18098591549295776,5.711038961038961,14.25,0.06277056277056277,1.7002164502164503,10.030054112554115,fiction
ck04,979,1999,0.5102551275637819,1585,0.005107252298263534,0.2107255520504732,6.0541368743615935,15.259541984732824,0.07865168539325842,1.8232890704800817,11.876032405710767,fiction
ck05,936,1997,0.5312969454181271,1344,0.02564102564102564,0.15476190476190477,5.65491452991453,11.346590909090908,0.045940170940170943,1.626068376068376,8.022777292152295,fiction
ck06,1126,2039,0.4477685139774399,1603,0.03907637655417407,0.17342482844666252,5.815275310834814,9.02212389380531,0.02664298401420959,1.6341030195381883,7.2110439491346945,fiction
ck07,934,1936,0.5175619834710744,1292,0.042826552462526764,0.11919504643962849,5.45610278372591,6.865248226950355,0.032119914346895075,1.5835117773019272,5.772885780673381,fiction
ck08,934,2005,0.5341645885286783,1510,0.014989293361884369,0.20264900662251656,6.055674518201285,11.392045454545455,0.058886509635974305,1.8211991434689507,10.343047620206345,fiction
ck09,899,2008,0.5522908366533865,1286,0.012235817575083427,0.16640746500777606,5.588431590656285,24.790123456790123,0.0389321468298109,1.6195773081201335,13.189160383965724,fiction
ck10,1037,2000,0.48150000000000004,1502,0.04243008678881389,0.18908122503328895,5.904532304725168,10.92896174863388,0.04339440694310511,1.7232401157184185,9.006528447444552,fiction
ck11,996,2000,0.502,1343,0.04618473895582329,0.14072970960536113,5.496987951807229,12.121212121212121,0.03313253012048193,1.5532128514056225,7.465184373859074,fiction
ck12,1062,1992,0.4668674698795181,1700,0.03766478342749529,0.19647058823529412,6.13653483992467,15.323076923076924,0.04519774011299435,1.8483992467043315,12.197111111111116,fiction
ck13,942,1985,0.52544080604534,1416,0.01910828025477707,0.1687853107344633,5.809978768577495,13.503401360544217,0.03821656050955414,1.683651804670913,9.54341782572902,fiction
ck14,1043,2009,0.48083623693379796,1676,0.04314477468839885,0.1957040572792363,6.045062320230105,15.6953125,0.06903163950143816,1.8667305848513902,12.558592776246403,fiction
ck15,1054,1995,0.4716791979949875,1587,0.017077798861480076,0.18525519848771266,5.769449715370019,14.352517985611511,0.03795066413662239,1.6992409867172675,10.058525657652247,fiction
ck16,1078,2005,0.46234413965087284,1562,0.041743970315398886,0.16325224071702946,5.76530612244898,15.542635658914728,0.03339517625231911,1.6818181818181819,10.31708245243129,fiction
ck17,1009,1984,0.49143145161290325,1486,0.06739345887016848,0.15679676985195154,5.875123885034688,9.447619047619048,0.05054509415262636,1.77998017839445,9.098337533625937,fiction
ck18,930,1992,0.5331325301204819,1324,0.034408602150537634,0.15634441087613293,5.660215053763441,12.851612903225806,0.041935483870967745,1.6483870967741936,8.873096774193552,fiction
ck19,972,2053,0.5265465172917682,1593,0.023662551440329218,0.18957940991839298,6.011316872427984,17.108333333333334,0.07510288065843622,1.8662551440329218,13.10406069958848,fiction
ck20,963,1996,0.5175350701402806,1522,0.04361370716510903,0.19842312746386334,6.129802699896158,13.67123287671233,0.07580477673935618,1.8598130841121496,11.687575214441178,fiction
ck21,1076,1995,0.46065162907268176,1475,0.026022304832713755,0.15389830508474575,5.62639405204461,8.453389830508474,0.027881040892193308,1.58364312267658,6.393810881481951,fiction
ck22,957,1985,0.5178841309823677,1387,0.038662486938349006,0.1499639509733237,5.784743991640544,13.503401360544217,0.02821316614420063,1.6739811912225706,9.429304587038576,fiction
ck23,1021,2011,0.4922923918448533,1538,0.031341821743388835,0.18660598179453836,5.857982370225269,18.117117117117118,0.04701273261508325,1.7267384916748285,11.851189877438653,fiction
ck24,890,1982,0.5509586276488396,1122,0.006741573033707865,0.06327985739750445,4.8382022471910116,8.398305084745763,0.007865168539325843,1.3674157303370786,3.8208446010283765,fiction
ck25,928,1993,0.5343702960361265,1444,0.022629310344827586,0.16551246537396122,5.975215517241379,31.634920634920636,0.04956896551724138,1.7413793103448276,17.295894909688013,fiction
ck26,948,1993,0.5243351731058705,1336,0.007383966244725738,0.1317365269461078,5.263713080168777,14.235714285714286,0.012658227848101266,1.5453586497890295,8.19716063893912,fiction
ck27,1014,2022,0.49851632047477745,1564,0.045364891518737675,0.20012787723785166,6.036489151873767,22.466666666666665,0.05719921104536489,1.8057199211045365,14.479495069033533,fiction
ck28,985,1992,0.5055220883534137,1355,0.01116751269035533,0.14464944649446496,5.32994923857868,10.268041237113403,0.02131979695431472,1.501522842639594,6.132505625621437,fiction
ck29,974,1992,0.5110441767068273,1585,0.028747433264887063,0.18485804416403787,6.196098562628337,19.529411764705884,0.048254620123203286,1.8634496919917864,14.015176953738376,fiction
cl01,898,1982,0.5469223007063573,1383,0.012249443207126948,0.17281272595806219,5.665924276169265,11.939759036144578,0.07015590200445435,1.6993318485523385,9.118621837013979,mystery
cl02,908,2001,0.5462268865567217,1357,0.005506607929515419,0.1658069270449521,5.5539647577092515,12.745222929936306,0.04515418502202643,1.6519823788546255,8.874029013159742,mystery
cl03,985,2007,0.5092177379172895,1350,0.013197969543147208,0.14888888888888888,5.313705583756345,9.164383561643836,0.024365482233502538,1.5137055837563451,5.84583547736597,mystery
cl04,951,1991,0.5223505775991963,1330,0.019978969505783387,0.16015037593984963,5.620399579390115,11.575581395348838,0.04206098843322818,1.5604626708727656,7.337936260484682,mystery
cl05,981,1985,0.5057934508816121,1393,0.01834862385321101,0.1414213926776741,5.55249745158002,12.253086419753087,0.026503567787971458,1.5657492354740061,7.664544682296977,mystery
cl06,971,2011,0.5171556439582297,1329,0.004119464469618949,0.12189616252821671,5.4819773429454175,14.364285714285714,0.030895983522142123,1.5128733264675591,7.8639766808886264,mystery
cl07,972,1981,0.5093387178192832,1475,0.018518518518518517,0.17355932203389832,5.787037037037037,12.780645161290323,0.053497942386831275,1.698559670781893,9.437455728129564,mystery
cl08,978,1989,0.5082956259426847,1353,0.03578732106339468,0.1426459719142646,5.368098159509202,13.53061224489796,0.03374233128834356,1.5858895705521472,8.40043570802554,mystery
cl09,1011,2023,0.5002471576866041,1474,0.04154302670623145,0.16417910447761194,5.636993076162216,12.723270440251572,0.024727992087042534,1.6538081107814044,8.887011178918687,mystery
cl10,946,1993,0.5253386853988962,1430,0.04439746300211417,0.13706293706293707,5.881606765327696,10.32642487046632,0.03488372093023256,1.7420718816067653,8.993753902441696,mystery
cl11,940,1988,0.5271629778672032,1509,0.00851063829787234,0.1597084161696488,5.9117021276595745,12.347826086956522,0.05531914893617021,1.7627659574468084,10.026290471785384,mystery
cl12,1025,1979,0.4820616472966145,1663,0.010731707317073172,0.17558628983764282,5.942439024390244,9.700980392156863,0.05170731707317073,1.806829268292683,9.513967718794838,mystery
cl13,915,1992,0.5406626506024097,1285,0.008743169398907104,0.1463035019455253,5.462295081967213,11.128491620111731,0.025136612021857924,1.549726775956284,7.036887688127727,mystery
cl14,1027,1984,0.4823588709677419,1606,0.013631937682570594,0.17745952677459526,5.780915287244401,9.402843601895734,0.053554040895813046,1.7273612463485881,8.459971711652678,mystery
cl15,1012,1962,0.4841997961264016,1641,0.016798418972332016,0.2327848872638635,6.141304347826087,14.014285714285714,0.07213438735177866,1.8181818181818181,11.330116883116887,mystery
cl16,974,2006,0.5144566301096709,1436,0.026694045174537988,0.17409470752089137,5.797741273100616,10.670212765957446,0.033880903490759756,1.6457905544147844,7.991711520817862,mystery
cl17,1016,1964,0.48268839103869654,1534,0.047244094488188976,0.19621903520208606,5.960629921259843,15.107692307692307,0.05511811023622047,1.7372047244094488,10.801015748031496,mystery
cl18,908,1998,0.5455455455455456,1322,0.012114537444933921,0.16717095310136157,5.628854625550661,13.5,0.03854625550660793,1.6431718061674008,9.06442731277533,mystery
cl19,1052,1994,0.47241725175526583,1597,0.019011406844106463,0.1797119599248591,5.765209125475285,12.620253164556962,0.03136882129277566,1.6806083650190113,9.163077441401551,mystery
cl20,1009,1967,0.4870360955770209,1358,0.003964321110009911,0.13475699558173784,5.133795837462834,10.087179487179487,0.03865213082259663,1.485629335976214,5.874426164519328,mystery
cl21,1032,1981,0.47905098435133775,1553,0.023255813953488372,0.1577591757887959,5.742248062015504,8.575757575757576,0.05813953488372093,1.684108527131783,7.627026074700495,mystery
cl22,941,1984,0.5257056451612903,1371,0.02975557917109458,0.16338439095550694,5.589798087141339,13.496598639455783,0.036131774707757705,1.6684378320935176,9.361239888091262,mystery
cl23,946,2000,0.527,1439,0.010570824524312896,0.1507991660875608,5.717758985200845,11.834319526627219,0.0412262156448203,1.6786469344608879,8.833418442023095,mystery
cl24,951,2040,0.5338235294117647,1305,0.015772870662460567,0.13409961685823754,5.262881177707676,11.86046511627907,0.030494216614090432,1.5194532071503681,6.965129239723183,mystery
cm01,1012,1988,0.4909456740442656,1538,0.040513833992094864,0.19245773732119636,5.841897233201581,11.044444444444444,0.05632411067193676,1.7707509881422925,9.612194993412384,science_fiction
cm02,1005,1988,0.49446680080482897,1650,0.05870646766169154,0.23333333333333334,6.1661691542288555,12.662420382165605,0.09651741293532339,1.908457711442786,11.868144944069464,science_fiction
cm03,931,1996,0.5335671342685371,1519,0.02040816326530612,0.21000658327847269,6.087003222341568,14.257142857142858,0.08270676691729323,1.8635875402792696,11.9606186895811,science_fiction
cm04,962,1989,0.5163398692810457,1494,0.05301455301455302,0.1934404283801874,5.920997920997921,8.919282511210762,0.056133056133056136,1.7775467775467775,8.863572154424173,science_fiction
cm05,1087,1994,0.45486459378134403,1967,0.06071757129714812,0.2592780884595831,6.642134314627415,15.700787401574804,0.1297148114075437,2.098436062557498,15.294852624792647,science_fiction
cm06,936,1964,0.5234215885947047,1290,0.03205128205128205,0.15658914728682172,5.621794871794871,11.975609756097562,0.03418803418803419,1.6324786324786325,8.343735668125916,science_fiction
cn01,915,1993,0.5408931259407928,1225,0.003278688524590164,0.13959183673469389,5.250273224043716,10.95054945054945,0.034972677595628415,1.4633879781420764,5.948692427790792,adventure
cn02,971,2010,0.5169154228855721,1262,0.018537590113285273,0.12995245641838352,5.233779608650876,11.686046511627907,0.014418125643666324,1.4459320288362514,6.029556079802649,adventure
cn03,1014,1987,0.48968293910417715,1489,0.016765285996055226,0.17662860980523842,5.67258382642998,8.491452991452991,0.021696252465483234,1.6222879684418146,6.86466469428008,adventure
cn04,1033,1984,0.47933467741935487,1453,0.03291384317521781,0.15003441156228492,5.517909002904163,10.497354497354497,0.021297192642787996,1.5934172313649564,7.306291584074739,adventure
cn05,874,2000,0.563,1156,0.02288329519450801,0.1384083044982699,5.397025171624714,10.204081632653061,0.014874141876430207,1.4965675057208239,6.049088404240418,adventure
cn06,944,2010,0.5303482587064676,1489,0.007415254237288136,0.1786433848220282,6.073093220338983,15.826771653543307,0.05084745762711865,1.7605932203389831,11.35744094488189,adventure
cn07,1053,2003,0.47428856714927614,1499,0.017094017094017096,0.16144096064042696,5.538461538461538,9.492890995260664,0.02849002849002849,1.5897435897435896,6.87120184712602,adventure
cn08,1001,2011,0.5022376926902039,1619,0.02097902097902098,0.23903644224830142,6.152847152847153,18.28181818181818,0.07192807192807193,1.8001998001998003,12.782266733266738,adventure
cn09,932,1973,0.5276229092752154,1386,0.03111587982832618,0.17893217893217894,5.71244635193133,9.865,0.02145922746781116,1.6770386266094421,8.046405793991418,adventure
cn10,992,1995,0.5027568922305765,1406,0.024193548387096774,0.14722617354196302,5.44758064516129,9.410377358490566,0.02620967741935484,1.6038306451612903,7.005248782714549,adventure
cn11,1009,1985,0.4916876574307305,1588,0.019821605550049554,0.18765743073047858,5.9078295341922695,14.178571428571429,0.04162537165510406,1.7502477700693757,10.592566543961492,adventure
cn12,1030,1996,0.48396793587174347,1362,0.01262135922330097,0.13876651982378854,5.450485436893204,10.183673469387756,0.02621359223300971,1.4941747572815534,6.012894788983555,adventure
cn13,1005,1988,0.49446680080482897,1409,0.03880597014925373,0.15259048970901348,5.561194029850746,14.302158273381295,0.022885572139303482,1.6079601990049752,8.961772074877413,adventure
cn14,1075,2002,0.46303696303696307,1546,0.018604651162790697,0.15523932729624837,5.6827906976744185,11.122222222222222,0.03162790697674418,1.6204651162790698,7.86915503875969,adventure
cn15,1012,1996,0.4929859719438878,1494,0.018774703557312252,0.18406961178045517,5.599802371541502,11.027624309392266,0.03557312252964427,1.6284584980237153,7.926583757342826,adventure
cn16,1115,1978,0.4362992922143579,1579,0.0726457399103139,0.15452818239392022,5.740807174887892,14.651851851851852,0.030493273542600896,1.684304932735426,9.999020428500252,adventure
cn17,942,1976,0.5232793522267207,1301,0.012738853503184714,0.14681014604150652,5.39384288747346,9.5,0.03821656050955414,1.545647558386412,6.35364118895966,adventure
cn18,869,1987,0.5626572722697534,1293,0.02186421173762946,0.16395978344934262,5.698504027617951,15.4031007751938,0.05638665132336018,1.6858457997698504,10.310189739609818,adventure
cn19,1027,2041,0.4968152866242038,1508,0.028237585199610515,0.16710875331564987,5.690360272638753,12.917721518987342,0.04089581304771178,1.6582278481012658,9.015,adventure
cn20,1007,2003,0.4972541188217674,1377,0.021847070506454815,0.14887436456063907,5.6137040714995035,12.066265060240964,0.03277060575968222,1.561072492552135,7.536498785609172,adventure
cn21,1010,1992,0.4929718875502008,1434,0.06732673267326733,0.18479776847977686,5.874257425742575,14.33093525179856,0.04356435643564356,1.7257425742574257,10.362827124439061,adventure
cn22,1015,1994,0.4909729187562688,1401,0.009852216748768473,0.12919343326195576,5.433497536945813,12.700636942675159,0.041379310344827586,1.534975369458128,7.4759577672492235,adventure
cn23,934,2006,0.5343968095712861,1389,0.032119914346895075,0.1677465802735781,5.7237687366167025,14.75,0.032119914346895075,1.6948608137044967,10.161857601713063,adventure
cn24,964,1980,0.5131313131313131,1387,0.016597510373443983,0.15933669790915644,5.531120331950207,10.476190476190476,0.054979253112033194,1.633817427385892,7.774759928867812,adventure
cn25,1064,2060,0.483495145631068,1586,0.018796992481203006,0.14060529634300126,5.890037593984962,10.899470899470899,0.03195488721804511,1.7048872180451127,8.778462823725981,adventure
cn26,1074,2009,0.4654056744649079,1566,0.00931098696461825,0.14878671775223498,5.6303538175046555,15.219696969696969,0.0446927374301676,1.5968342644320297,9.18832613847977,adventure
cn27,1007,2010,0.49900497512437814,1338,0.019860973187686197,0.11509715994020926,5.452830188679245,14.779411764705882,0.018867924528301886,1.5074478649453824,7.96185539459081,adventure
cn28,1069,1984,0.46118951612903225,1682,0.057998129092609915,0.1813317479191439,6.148737137511693,15.145038167938932,0.05893358278765201,1.86155285313377,12.28288855247467,adventure
cn29,1011,1996,0.49348697394789576,1305,0.057368941641938676,0.11187739463601533,5.392680514342236,8.87111111111111,0.027695351137487636,1.5410484668644906,6.054105242334323,adventure
cp01,998,2021,0.5061850569025235,1385,0.03907815631262525,0.1263537906137184,5.627254509018036,14.333333333333334,0.02905811623246493,1.5821643286573146,8.669539078156312,romance
cp02,993,2025,0.5096296296296297,1538,0.02014098690835851,0.14954486345903772,5.768378650553877,22.01086956521739,0.03726082578046324,1.716012084592145,13.243181728622094,romance
cp03,986,1978,0.5015166835187057,1388,0.038539553752535496,0.14265129682997119,5.483772819472617,11.844311377245509,0.034482758620689655,1.5983772819472617,7.890133364103438,romance
cp04,1086,2127,0.4894217207334274,1636,0.04419889502762431,0.171760391198044,5.723756906077348,15.41304347826087,0.03406998158379374,1.7209944751381216,10.728821763151576,romance
cp05,967,1989,0.5138260432378079,1585,0.02998965873836608,0.19873817034700317,5.97311271975181,14.733333333333333,0.03929679420889348,1.8552223371251293,12.047623578076525,romance
cp06,984,2023,0.5135936727632229,1528,0.021341463414634148,0.18324607329842932,5.838414634146342,10.703703703703704,0.046747967479674794,1.7266260162601625,8.958631436314366,romance
cp07,954,1992,0.5210843373493976,1520,0.02410901467505241,0.2381578947368421,6.185534591194968,12.935064935064934,0.05870020964360587,1.8752620545073375,11.582767567861907,romance
cp08,921,1991,0.5374183827222501,1261,0.02714440825190011,0.1586042823156225,5.523344191096634,11.248587570621469,0.023887079261672096,1.5266015200868621,6.81084708956735,romance
cp09,855,1981,0.5683997980817769,1169,0.01871345029239766,0.11719418306244654,5.3426900584795325,27.51388888888889,0.021052631578947368,1.5216374269005848,13.095738304093569,romance
cp10,952,2006,0.5254237288135593,1528,0.008403361344537815,0.18848167539267016,5.94327731092437,16.716666666666665,0.05567226890756303,1.7825630252100841,11.963743697478996,romance
cp11,848,2000,0.5760000000000001,1303,0.01061320754716981,0.17114351496546432,5.83372641509434,14.598540145985401,0.04834905660377359,1.696933962264151,10.12725141165129,romance
cp12,911,2001,0.5447276361819091,1325,0.025246981339187707,0.1630188679245283,5.5609220636663,10.055276381909549,0.04610318331503842,1.6586169045005488,7.903237262051203,romance
cp13,1003,2019,0.5032194155522536,1401,0.03489531405782652,0.15917201998572447,5.6440677966101696,16.152,0.031904287138584245,1.5972083748753738,9.556338823529412,romance
cp14,946,1985,0.5234256926952141,1417,0.004228329809725159,0.15102328863796755,5.643763213530655,8.036437246963562,0.02854122621564482,1.6257928118393234,6.728565706019808,romance
cp15,1000,1993,0.49824385348720523,1522,0.017,0.1727989487516426,5.604,11.134078212290502,0.036,1.68,8.576290502793299,romance
cp16,1038,1984,0.47681451612903225,1400,0.03275529865125241,0.125,5.369942196531792,8.97737556561086,0.009633911368015413,1.5317919075144508,5.986320979258757,romance
cp17,1000,1983,0.49571356530509325,1490,0.026,0.17181208053691274,5.715,16.525,0.051,1.675,10.61975,romance
cp18,931,1997,0.5338007010515773,1311,0.00322234156820623,0.13806254767353165,5.329752953813104,9.78921568627451,0.022556390977443608,1.5080558539205156,6.0228531939091425,romance
cp19,869,1980,0.5611111111111111,1241,0.026467203682393557,0.1579371474617244,5.445339470655926,10.206185567010309,0.03567318757192175,1.5995397008055237,7.2649808406392005,romance
cp20,905,1987,0.5445395067941621,1301,0.023204419889502764,0.1506533435818601,5.4453038674033145,10.295336787564766,0.027624309392265192,1.5988950276243095,7.292142673117109,romance
cp21,1073,2145,0.4997668997668998,1680,0.03821062441752097,0.20357142857142857,5.937558247903075,16.374045801526716,0.03821062441752097,1.831314072693383,12.405383920377343,romance
cp22,908,2021,0.5507174666006927,1375,0.007709251101321586,0.16,5.642070484581498,10.636842105263158,0.02753303964757709,1.64647577092511,7.98678251796893,romance
cp23,1020,2004,0.49101796407185627,1506,0.01568627450980392,0.15803452855245684,5.669607843137255,10.774193548387096,0.04411764705882353,1.6803921568627451,8.440562934851364,romance
cp24,1045,2003,0.4782825761357963,1419,0.013397129186602871,0.10288935870331219,5.294736842105263,7.4185185185185185,0.010526315789473684,1.508133971291866,5.099203083466239,romance
cp25,928,2010,0.5383084577114428,1432,0.040948275862068964,0.21438547486033518,5.953663793103448,19.900990099009903,0.04633620689655173,1.790948275862069,13.304575793786277,romance
cp26,891,2005,0.5556109725685785,1257,0.010101010101010102,0.14876690533015116,5.5072951739618405,17.743362831858406,0.031425364758698095,1.5634118967452302,9.778171886018495,romance
cp27,1001,1985,0.4957178841309824,1512,0.002997002997002997,0.1541005291005291,5.6223776223776225,8.305439330543933,0.05194805194805195,1.6463536463536463,7.076094365885162,romance
cp28,982,2024,0.5148221343873518,1550,0.017311608961303463,0.18838709677419355,5.942973523421589,12.974358974358974,0.0539714867617108,1.7545824847250509,10.174073319755603,romance
cp29,1050,1961,0.4645588985211627,1888,0.013333333333333334,0.2266949152542373,6.394285714285714,12.733766233766234,0.0838095238095238,1.9923809523809524,12.886264069264069,romance
cr01,1007,1998,0.495995995995996,1703,0.019860973187686197,0.22019964768056371,6.059582919563058,16.112903225806452,0.07447864945382324,1.893743793445879,13.04020902072589,humor
cr02,978,2006,0.5124626121635094,1627,0.028629856850715747,0.2095881991395206,6.2280163599182,18.236363636363638,0.04703476482617587,1.8650306748466257,13.529543781372002,humor
cr03,1095,2127,0.48519040902679833,1848,0.062100456621004566,0.2288961038961039,6.363470319634703,19.513761467889907,0.0593607305936073,1.9735159817351597,15.30785555695195,humor
cr04,917,1969,0.5342813610970036,1369,0.006543075245365322,0.15777940102264426,5.777535441657579,15.030534351145038,0.04143947655398037,1.6597600872410032,9.857077426390404,humor
cr05,1042,2005,0.4802992518703242,1731,0.028790786948176585,0.22645869439630273,6.206333973128599,12.689873417721518,0.07485604606525911,1.944337811900192,12.30223681333366,humor
cr06,943,1980,0.5237373737373737,1530,0.014846235418875928,0.20130718954248367,5.861081654294804,13.846153846153847,0.05514316012725345,1.8101802757158005,11.170127253446449,humor
cr07,951,2012,0.5273359840954275,1476,0.022082018927444796,0.17073170731707318,5.8002103049421665,11.177777777777777,0.058885383806519455,1.7539432176656151,9.465863301787593,humor
cr08,1068,1976,0.4595141700404858,1898,0.08239700374531835,0.24183350895679662,6.72191011235955,27.830985915492956,0.09176029962546817,2.147003745318352,20.59872870179881,humor
cr09,1008,1984,0.49193548387096775,1691,0.06646825396825397,0.20934358367829686,6.337301587301587,21.565217391304348,0.06845238095238096,1.9930555555555556,16.338490338164252,humor
