text_id,n_words,n_vowels,oov_rate,schwa_v1_AH0,schwa_v2_AH0_IH0,schwa_v3_all_unstressed,schwa_v4_AH_any,cond_entropy,marg_entropy,ttr,mean_word_length,mean_sentence_length,latinate_ratio,mean_syllables,fk_grade,meta_id,register,meta_source,meta_fileid,source_path
movie_reviews_batch_0022,1464,1939,0.012295081967213115,0.21248066013408973,0.2815884476534296,0.3445074780814853,0.2810727178958226,3.1057596646775396,3.208945653097231,0.43101092896174864,4.435792349726776,20.333333333333332,0.03346994535519126,1.4419398907103824,9.354890710382513,movie_reviews_batch_0022,reviews,movie_reviews,batch_44,nltk_multi_texts/movie_reviews_batch_0022.txt
state_union_1958-Eisenhower_txt,4876,7685,0.0026661197703035273,0.26883539362394276,0.36486662329212755,0.42966818477553675,0.33845152895250485,3.0109652885071547,3.0753758489808596,0.2797374897456932,4.968416735028712,19.046875,0.08798195242001641,1.6925758818703855,11.810676656070552,state_union_1958-Eisenhower_txt,oratorical,state_union,1958-Eisenhower.txt,nltk_multi_texts/state_union_1958-Eisenhower_txt.txt
abc_science_txt,31911,46516,0.026667920152925323,0.2506449393756987,0.3359704187806346,0.4048714420844441,0.31251612348439245,3.1254295399039553,3.1541083455883014,0.17508069317790104,4.928582620413024,22.26866713189114,0.04938735859108145,1.6346087556015167,12.383163497535445,abc_science_txt,news,abc,science.txt,nltk_multi_texts/abc_science_txt.txt
reuters_batch_0023,3739,5375,0.08077025942765445,0.26325581395348835,0.35572093023255813,0.42604651162790697,0.32390697674418606,3.05811957047388,3.1241322776955243,0.3003476865472051,4.880181866809307,23.22360248447205,0.05776945707408398,1.6282428456806632,12.680470547975926,reuters_batch_0023,news,reuters,batch_690,nltk_multi_texts/reuters_batch_0023.txt
webtext_grail_txt,10895,12695,0.037999082147774206,0.14501772351319417,0.2,0.23938558487593542,0.22063804647499016,3.3409744170414832,3.3928653676120244,0.15713630105553006,4.164203763194125,5.792131844763424,0.010922441486920606,1.3340982101881598,2.411290299678022,webtext_grail_txt,web_informal,webtext,grail.txt,nltk_multi_texts/webtext_grail_txt.txt
state_union_1998-Clinton_txt,7213,10387,0.0009704699847497574,0.2497352459805526,0.31760854914797343,0.3762395301819582,0.30191585635891016,3.173624169657437,3.221669013280245,0.23457645917094136,4.587411617912103,19.442048517520217,0.04824622209898794,1.5424927214751143,10.193813035239234,state_union_1998-Clinton_txt,oratorical,state_union,1998-Clinton.txt,nltk_multi_texts/state_union_1998-Clinton_txt.txt
reuters_batch_0029,3206,4342,0.09295071740486588,0.25195762321510823,0.33509903270382313,0.3991248272685398,0.31183786273606634,3.0624903575726106,3.133019445926235,0.3056768558951965,4.737367436057393,26.716666666666665,0.056768558951965066,1.567373674360574,13.324509357454772,reuters_batch_0029,news,reuters,batch_870,nltk_multi_texts/reuters_batch_0029.txt
state_union_1973-Nixon_txt,1683,2471,0.014854426619132501,0.27600161877782275,0.36584378794010525,0.42047753945770944,0.34318089842169164,2.9583311382469786,3.0635395273456387,0.3553178847296494,4.790255496137849,26.714285714285715,0.06001188354129531,1.6191325014854427,13.934334946099654,state_union_1973-Nixon_txt,oratorical,state_union,1973-Nixon.txt,nltk_multi_texts/state_union_1973-Nixon_txt.txt
movie_reviews_batch_0001,1554,2191,0.019305019305019305,0.22318575992697398,0.30488361478776815,0.37197626654495664,0.28480146052031036,3.0637641021197712,3.16312674498918,0.41312741312741313,4.711711711711712,18.951219512195124,0.04504504504504504,1.5534105534105533,10.131220140000629,movie_reviews_batch_0001,reviews,movie_reviews,batch_2,nltk_multi_texts/movie_reviews_batch_0001.txt
state_union_1995-Clinton_txt,9111,12517,0.0010975743606629349,0.23496045378285532,0.30438603499241035,0.35607573699768313,0.3030278820803707,3.1608768378129337,3.2123418482683292,0.1874657008012293,4.390187685215674,19.806521739130435,0.0405004939084623,1.4714081879047305,9.497160095536692,state_union_1995-Clinton_txt,oratorical,state_union,1995-Clinton.txt,nltk_multi_texts/state_union_1995-Clinton_txt.txt
inaugural_1789-Washington_txt,1428,2205,0.009103641456582634,0.272562358276644,0.36235827664399095,0.42585034013605444,0.34285714285714286,2.937149043057534,3.0184779419389307,0.41526610644257705,4.939775910364146,62.08695652173913,0.0700280112044818,1.6715686274509804,28.348422847399835,inaugural_1789-Washington_txt,oratorical,inaugural,1789-Washington.txt,nltk_multi_texts/inaugural_1789-Washington_txt.txt
state_union_1992-Bush_txt,5038,6781,0.0025803890432711395,0.23167674384309098,0.2996608169886447,0.3434596667158236,0.301872880106179,3.1740307004736046,3.229766575256423,0.260023818975784,4.39241762604208,15.694704049844237,0.03910281857880111,1.4410480349344978,7.5353013916663265,state_union_1992-Bush_txt,oratorical,state_union,1992-Bush.txt,nltk_multi_texts/state_union_1992-Bush_txt.txt
inaugural_1909-Taft_txt,5418,8310,0.0014765596160944998,0.2884476534296029,0.3725631768953069,0.43200962695547535,0.36040914560770154,2.963617729235713,3.0211491734699405,0.2511997046880768,4.826688815060908,34.075471698113205,0.07899593946105574,1.6382428940568476,17.030700112134955,inaugural_1909-Taft_txt,oratorical,inaugural,1909-Taft.txt,nltk_multi_texts/inaugural_1909-Taft_txt.txt
movie_reviews_batch_0015,1528,2126,0.003926701570680628,0.19990592662276577,0.28551269990592665,0.35983066792097834,0.26575729068673565,3.069157285817485,3.1752891422705263,0.41361256544502617,4.5065445026178015,19.844155844155843,0.04581151832460733,1.505890052356021,9.918723397021829,movie_reviews_batch_0015,reviews,movie_reviews,batch_30,nltk_multi_texts/movie_reviews_batch_0015.txt
reuters_batch_0033,3428,4939,0.0633022170361727,0.2532901397043936,0.33022879125329013,0.39380441384895726,0.30998177768779106,3.125014419152167,3.195695249588466,0.3130105017502917,4.849183197199533,23.31972789115646,0.047257876312718786,1.6201866977829638,12.622896911389994,reuters_batch_0033,news,reuters,batch_990,nltk_multi_texts/reuters_batch_0033.txt
inaugural_1877-Hayes_txt,2475,3792,0.0048484848484848485,0.3080168776371308,0.39425105485232065,0.4554324894514768,0.3905590717299578,2.8760106731568627,2.9429410448873585,0.32202020202020204,4.883636363636364,41.94915254237288,0.09333333333333334,1.6444444444444444,20.174613935969862,inaugural_1877-Hayes_txt,oratorical,inaugural,1877-Hayes.txt,nltk_multi_texts/inaugural_1877-Hayes_txt.txt
inaugural_1881-Garfield_txt,2957,4421,0.0047345282380791345,0.302872653245872,0.3727663424564578,0.4347432707532233,0.37706401266681744,2.9559692773386095,3.027163595585192,0.32363882313155223,4.842407845789651,26.63963963963964,0.08251606357795063,1.6198850185999323,13.914102678938661,inaugural_1881-Garfield_txt,oratorical,inaugural,1881-Garfield.txt,nltk_multi_texts/inaugural_1881-Garfield_txt.txt
reuters_batch_0005,5263,7509,0.06213186395591868,0.2594220269010521,0.34904780929551205,0.40924224264216275,0.3188174190970835,3.072891446192926,3.138518897244389,0.2701881056431693,4.909177275318259,24.031963470319635,0.051681550446513395,1.623408702261068,12.938688440105263,reuters_batch_0005,news,reuters,batch_150,nltk_multi_texts/reuters_batch_0005.txt
shakespeare_r_and_j_xml,27171,30107,0.03838651503441169,0.11851064536486532,0.1539841232935862,0.197794532832896,0.17879562892350617,3.3150559161139563,3.381829415071878,0.11773582128004122,4.192300614625888,66.75921375921376,0.015273637333922197,1.2970078392403666,25.750785869129697,shakespeare_r_and_j_xml,drama,shakespeare,r_and_j.xml,nltk_multi_texts/shakespeare_r_and_j_xml.txt
reuters_batch_0028,3868,5217,0.0889348500517063,0.2581943645773433,0.35058462718037187,0.40502204331991565,0.31934061721295764,3.0921670650881774,3.1565470416818253,0.281023784901758,4.790589451913133,24.481012658227847,0.049896587383660804,1.579110651499483,12.59110062440276,reuters_batch_0028,news,reuters,batch_840,nltk_multi_texts/reuters_batch_0028.txt
reuters_batch_0038,4321,6134,0.0738255033557047,0.26214541897619825,0.3526247147049234,0.4193022497554614,0.3152918161069449,3.0916262798736587,3.149664511093769,0.2962277250636427,4.8373061791252026,24.833333333333332,0.06294839157602407,1.6186068039805601,13.19456028697061,reuters_batch_0038,news,reuters,batch_1140,nltk_multi_texts/reuters_batch_0038.txt
gutenberg_blake-poems_txt,6781,7648,0.019908568057808582,0.19194560669456068,0.2519612970711297,0.28739539748953974,0.25732217573221755,3.2927159176224547,3.3401709832540867,0.21899424863589442,4.041144373986138,19.101408450704227,0.011650199085680579,1.240377525438726,6.496004095951616,gutenberg_blake-poems_txt,literary_fiction,gutenberg,blake-poems.txt,nltk_multi_texts/gutenberg_blake-poems_txt.txt
state_union_1966-Johnson_txt,5500,7845,0.0016363636363636363,0.2531548757170172,0.3274697259400892,0.3810070108349267,0.3194391332058636,3.0943095506142035,3.1486169309302636,0.24363636363636362,4.6054545454545455,20.754716981132077,0.05527272727272727,1.5316363636363637,10.577648713550602,state_union_1966-Johnson_txt,oratorical,state_union,1966-Johnson.txt,nltk_multi_texts/state_union_1966-Johnson_txt.txt
movie_reviews_batch_0014,1044,1387,0.005747126436781609,0.21773612112472962,0.2862292718096611,0.3453496755587599,0.27180966113914923,3.0580402134929905,3.212124104609668,0.446360153256705,4.363984674329502,19.69811320754717,0.023946360153256706,1.4444444444444444,9.13670859538784,movie_reviews_batch_0014,reviews,movie_reviews,batch_28,nltk_multi_texts/movie_reviews_batch_0014.txt
inaugural_1933-Roosevelt_txt,1881,2735,0.004253056884635832,0.2574040219378428,0.3385740402193784,0.39378427787934184,0.3323583180987203,3.019560425840446,3.09832576337784,0.3748006379585327,4.674109516214779,22.129411764705882,0.07974481658692185,1.572567783094099,11.596770428745664,inaugural_1933-Roosevelt_txt,oratorical,inaugural,1933-Roosevelt.txt,nltk_multi_texts/inaugural_1933-Roosevelt_txt.txt
movie_reviews_batch_0039,1232,1646,0.020292207792207792,0.18712029161603888,0.2709599027946537,0.3517618469015796,0.2533414337788578,3.1281233927816072,3.2425834425968576,0.42694805194805197,4.420454545454546,19.555555555555557,0.04383116883116883,1.4748376623376624,9.439751082251085,movie_reviews_batch_0039,reviews,movie_reviews,batch_78,nltk_multi_texts/movie_reviews_batch_0039.txt
reuters_batch_0022,3496,4831,0.09668192219679633,0.2504657420823846,0.346512109294142,0.41192299730904575,0.3135996688056303,3.065579903144306,3.1318692740015392,0.31321510297482835,4.77316933638444,26.08955223880597,0.04633867276887872,1.5998283752860412,13.462900201509616,reuters_batch_0022,news,reuters,batch_660,nltk_multi_texts/reuters_batch_0022.txt
movie_reviews_batch_0020,1243,1704,0.02815768302493966,0.2153755868544601,0.2975352112676056,0.3720657276995305,0.29284037558685444,3.0832842967407363,3.1683223939564544,0.49477071600965405,4.560740144810941,20.048387096774192,0.03700724054706356,1.5237329042638776,10.208919238055696,movie_reviews_batch_0020,reviews,movie_reviews,batch_40,nltk_multi_texts/movie_reviews_batch_0020.txt
reuters_batch_0004,2584,3672,0.07739938080495357,0.2679738562091503,0.3548474945533769,0.41122004357298475,0.32625272331154687,3.041995213110789,3.1142925645283452,0.3169504643962848,4.885061919504644,24.37735849056604,0.05959752321981424,1.631578947368421,13.169801390268123,reuters_batch_0004,news,reuters,batch_120,nltk_multi_texts/reuters_batch_0004.txt
state_union_1965-Johnson-2_txt,3752,5053,0.0018656716417910447,0.22956659410251337,0.2895309716999802,0.3441519889174748,0.3010093014051059,3.1329631647135634,3.200575009107434,0.2521321961620469,4.268656716417911,19.04568527918782,0.039445628997867806,1.4283049040511726,8.691815126687086,state_union_1965-Johnson-2_txt,oratorical,state_union,1965-Johnson-2.txt,nltk_multi_texts/state_union_1965-Johnson-2_txt.txt
movie_reviews_batch_0048,1159,1543,0.013805004314063849,0.19248217757615035,0.2663642255346727,0.32598833441348024,0.24303305249513935,3.187416986476635,3.2982778225928944,0.4383088869715272,4.249352890422778,13.32183908045977,0.031061259706643658,1.4296807592752372,6.475750200827111,movie_reviews_batch_0048,reviews,movie_reviews,batch_96,nltk_multi_texts/movie_reviews_batch_0048.txt
gutenberg_burgess-busterbrown_txt,15784,18305,0.010010136847440445,0.14367659109532915,0.194482381862879,0.23490849494673585,0.22977328598743513,3.2869754424759123,3.3865719912606616,0.09306893056259503,3.9638241256969082,15.768231768231768,0.004941713127217436,1.2499366447034972,5.308862797111658,gutenberg_burgess-busterbrown_txt,literary_fiction,gutenberg,burgess-busterbrown.txt,nltk_multi_texts/gutenberg_burgess-busterbrown_txt.txt
movie_reviews_batch_0032,1302,1795,0.009216589861751152,0.21114206128133706,0.2891364902506964,0.3554317548746518,0.2857938718662953,3.0518343419053564,3.1696140426808754,0.42626728110599077,4.486175115207374,17.594594594594593,0.039938556067588324,1.4815668202764978,8.754380371154564,movie_reviews_batch_0032,reviews,movie_reviews,batch_64,nltk_multi_texts/movie_reviews_batch_0032.txt
inaugural_1833-Jackson_txt,1175,1807,0.005106382978723404,0.2888765910348644,0.36524626452684006,0.4333148865522966,0.37354731599335916,2.9073901680434373,2.9902100212566904,0.4025531914893617,4.908936170212766,40.51724137931034,0.07148936170212766,1.6706382978723404,19.925256052824654,inaugural_1833-Jackson_txt,oratorical,inaugural,1833-Jackson.txt,nltk_multi_texts/inaugural_1833-Jackson_txt.txt
reuters_batch_0020,4507,6674,0.05813179498557799,0.2626610728198981,0.3522625112376386,0.41384477075217263,0.32304465088402756,3.0589598102269338,3.1118028422256945,0.2950965165298425,4.955624583980475,26.052023121387283,0.0607943199467495,1.6545373862879964,14.093830175539399,reuters_batch_0020,news,reuters,batch_600,nltk_multi_texts/reuters_batch_0020.txt
movie_reviews_batch_0003,1028,1423,0.013618677042801557,0.23190442726633873,0.3106113843991567,0.3780744905130007,0.29585382993675335,3.024812439787519,3.1582267048014154,0.48443579766536965,4.452334630350195,12.238095238095237,0.048638132295719845,1.495136186770428,6.8254641467481925,movie_reviews_batch_0003,reviews,movie_reviews,batch_6,nltk_multi_texts/movie_reviews_batch_0003.txt
gutenberg_austen-sense_txt,35136,46056,0.01016051912568306,0.191679694285218,0.26697932951189857,0.3243442765329165,0.2614425916275838,3.2283533025877653,3.267827867124011,0.1011782786885246,4.395947176684881,20.535359438924605,0.03455145719489982,1.4482297358834244,9.507901064605004,gutenberg_austen-sense_txt,literary_fiction,gutenberg,austen-sense.txt,nltk_multi_texts/gutenberg_austen-sense_txt.txt
reuters_batch_0018,3384,4754,0.07180851063829788,0.2477913336137989,0.33361379890618426,0.40113588557004626,0.30816154816996216,3.122367624164661,3.1950478793648105,0.30821513002364065,4.781914893617022,23.830985915492956,0.06323877068557919,1.5966312056737588,12.544332733992608,reuters_batch_0018,news,reuters,batch_540,nltk_multi_texts/reuters_batch_0018.txt
state_union_1979-Carter_txt,3242,4881,0.0024676125848241827,0.28170456873591476,0.36037697193198115,0.41794714197910265,0.3474697807826265,3.0159773447583205,3.0979304051072996,0.29796421961752007,4.799506477483035,20.13664596273292,0.07711289327575571,1.6320172732880938,11.521095750265346,state_union_1979-Carter_txt,oratorical,state_union,1979-Carter.txt,nltk_multi_texts/state_union_1979-Carter_txt.txt
inaugural_1965-Johnson_txt,1485,1947,0.00404040404040404,0.23317925012840268,0.3081664098613251,0.35130970724191063,0.3194658448895737,3.0684066480024805,3.1665093969999614,0.35084175084175084,4.304377104377104,15.797872340425531,0.02962962962962963,1.4316498316498316,7.464638226233969,inaugural_1965-Johnson_txt,oratorical,inaugural,1965-Johnson.txt,nltk_multi_texts/inaugural_1965-Johnson_txt.txt
movie_reviews_batch_0004,1010,1420,0.02178217821782178,0.22816901408450704,0.31338028169014087,0.37253521126760564,0.29295774647887324,3.063336354008783,3.180059563616387,0.5584158415841585,4.711881188118812,18.035714285714285,0.04455445544554455,1.5633663366336634,9.891651343705803,movie_reviews_batch_0004,reviews,movie_reviews,batch_8,nltk_multi_texts/movie_reviews_batch_0004.txt
movie_reviews_batch_0023,2126,2816,0.013640639698965193,0.20454545454545456,0.2872869318181818,0.35120738636363635,0.2677556818181818,3.1473297942666427,3.2259701770790588,0.36265286923800566,4.452492944496708,24.15909090909091,0.03292568203198495,1.4393226716839134,10.816052980415634,movie_reviews_batch_0023,reviews,movie_reviews,batch_46,nltk_multi_texts/movie_reviews_batch_0023.txt
inaugural_1849-Taylor_txt,1085,1725,0.005529953917050691,0.3055072463768116,0.38028985507246377,0.4446376811594203,0.3779710144927536,2.8939219608966815,3.0031114551899187,0.4396313364055299,4.95483870967742,49.31818181818182,0.09400921658986175,1.6930875576036866,23.622524088814412,inaugural_1849-Taylor_txt,oratorical,inaugural,1849-Taylor.txt,nltk_multi_texts/inaugural_1849-Taylor_txt.txt
reuters_batch_0011,2337,3169,0.12066752246469833,0.2656989586620385,0.35216156516251185,0.4118018302303566,0.31745029977911016,3.109974344517807,3.1858400125340416,0.3384681215233205,4.794180573384681,27.174418604651162,0.04920838682071031,1.617030380830124,14.08898174960942,reuters_batch_0011,news,reuters,batch_330,nltk_multi_texts/reuters_batch_0011.txt
reuters_batch_0001,2905,4016,0.0819277108433735,0.25,0.34412350597609564,0.40463147410358563,0.30004980079681276,3.13053820419823,3.194907244301667,0.344578313253012,4.935628227194492,23.24,0.04784853700516351,1.6154905335628227,12.536388296041306,reuters_batch_0001,news,reuters,batch_30,nltk_multi_texts/reuters_batch_0001.txt
state_union_1953-Eisenhower_txt,6899,11269,0.0021742281490071025,0.2847635105155737,0.3829088650279528,0.4513266483272695,0.3535362498890762,2.957301701855034,3.0207726463108995,0.2551094361501667,5.115668937527178,19.881844380403457,0.09581098709957965,1.751848093926656,12.835726816691892,state_union_1953-Eisenhower_txt,oratorical,state_union,1953-Eisenhower.txt,nltk_multi_texts/state_union_1953-Eisenhower_txt.txt
inaugural_1937-Roosevelt_txt,1791,2621,0.006141820212171971,0.2548645555131629,0.3307897748950782,0.3842045020984357,0.3357497138496757,3.0332373149552123,3.112070801928211,0.3713009491903964,4.677833612506979,18.65625,0.07202680067001675,1.592964824120603,10.482922424623116,inaugural_1937-Roosevelt_txt,oratorical,inaugural,1937-Roosevelt.txt,nltk_multi_texts/inaugural_1937-Roosevelt_txt.txt
reuters_batch_0036,3063,4296,0.09337251061051256,0.2602420856610801,0.3500931098696462,0.4143389199255121,0.3233240223463687,3.0093329424491433,3.0906087486957317,0.3108063989552726,4.799542931766243,26.17948717948718,0.05288932419196866,1.6219392752203723,13.758883447600397,reuters_batch_0036,news,reuters,batch_1080,nltk_multi_texts/reuters_batch_0036.txt
webtext_singles_txt,3076,4389,0.06079323797139142,0.17840054682159945,0.2679425837320574,0.3599908863066758,0.21941216678058784,3.1759792526002153,3.3645177871514096,0.24349804941482445,4.891742522756827,9.734177215189874,0.043237971391417426,1.5737971391417425,6.777135355796613,webtext_singles_txt,web_informal,webtext,singles.txt,nltk_multi_texts/webtext_singles_txt.txt
gutenberg_chesterton-thursday_txt,35803,46119,0.012149819847498813,0.2100002168303736,0.27845356577549385,0.32802098918016437,0.2762852620395065,3.2229188520375014,3.255548450533951,0.1371952071055498,4.286037482892495,16.303734061930783,0.03343295254587604,1.3960003351674442,7.241260239128845,gutenberg_chesterton-thursday_txt,literary_fiction,gutenberg,chesterton-thursday.txt,nltk_multi_texts/gutenberg_chesterton-thursday_txt.txt
inaugural_1841-Harrison_txt,8422,12629,0.006293042032771313,0.2791986697284029,0.3642410325441444,0.42275714625069283,0.36598305487370336,2.932821978987347,2.982916979264453,0.21301353597720257,4.78259320826407,40.10476190476191,0.06934219900261221,1.6256233673711706,19.23321287783696,inaugural_1841-Harrison_txt,oratorical,inaugural,1841-Harrison.txt,nltk_multi_texts/inaugural_1841-Harrison_txt.txt
state_union_1965-Johnson-1_txt,4417,6335,0.0022639800769753225,0.265982636148382,0.33733228097868984,0.3990528808208366,0.32517758484609316,3.071549960705946,3.1383942502683015,0.27099841521394613,4.563731039166855,17.054054054054053,0.05818428797826579,1.5460719945664478,9.304730616965166,state_union_1965-Johnson-1_txt,oratorical,state_union,1965-Johnson-1.txt,nltk_multi_texts/state_union_1965-Johnson-1_txt.txt
abc_rural_txt,33148,46520,0.02069506455894775,0.22828890799656062,0.30816852966466035,0.37091573516766985,0.2880266552020636,3.1969088469273292,3.2341382496650395,0.14555930976227827,4.769337516592253,23.019444444444446,0.042747677084590326,1.5584348980330638,11.777115130123487,abc_rural_txt,news,abc,rural.txt,nltk_multi_texts/abc_rural_txt.txt
state_union_1962-Kennedy_txt,6543,9893,0.0018340210912425492,0.2715051046194279,0.3567168705145052,0.4149398564641666,0.3328616193267967,3.062081682461044,3.123172405489837,0.27831270059605684,4.819196087421672,24.69056603773585,0.07198532783127005,1.6325844413877426,13.303817163092347,state_union_1962-Kennedy_txt,oratorical,state_union,1962-Kennedy.txt,nltk_multi_texts/state_union_1962-Kennedy_txt.txt
state_union_1981-Reagan_txt,4343,6601,0.00023025558369790466,0.2478412361763369,0.3416149068322981,0.395697621572489,0.3170731707317073,3.0486998984134823,3.1083901371664133,0.27308312226571496,4.8107299102003225,19.740909090909092,0.07253050886483997,1.6161639419755929,11.179689060766545,state_union_1981-Reagan_txt,oratorical,state_union,1981-Reagan.txt,nltk_multi_texts/state_union_1981-Reagan_txt.txt
reuters_batch_0006,2904,4109,0.09022038567493113,0.2596738865904113,0.35312728157702605,0.41859333171087854,0.3115113166220492,3.0844607345070467,3.150035300089828,0.34297520661157027,4.865702479338843,28.470588235294116,0.05716253443526171,1.637741046831956,14.838873764381791,reuters_batch_0006,news,reuters,batch_180,nltk_multi_texts/reuters_batch_0006.txt
movie_reviews_batch_0043,1059,1496,0.012275731822474031,0.20655080213903743,0.29545454545454547,0.37433155080213903,0.2713903743315508,3.025483282461847,3.150967370991493,0.4985835694050991,4.769593956562795,21.612244897959183,0.047214353163361665,1.5694050991501416,11.357755680175753,movie_reviews_batch_0043,reviews,movie_reviews,batch_86,nltk_multi_texts/movie_reviews_batch_0043.txt
inaugural_1985-Reagan_txt,2543,3519,0.00039323633503735744,0.25262858766695084,0.3233873259448707,0.3734015345268542,0.3273657289002558,3.0818865634268455,3.1539409291496057,0.3299252850963429,4.487613055446324,20.508064516129032,0.04915454187966968,1.5123869445536768,10.254311107023714,inaugural_1985-Reagan_txt,oratorical,inaugural,1985-Reagan.txt,nltk_multi_texts/inaugural_1985-Reagan_txt.txt
movie_reviews_batch_0000,1287,1736,0.024864024864024864,0.19930875576036866,0.27880184331797236,0.3456221198156682,0.271889400921659,3.094356789740053,3.189737555822061,0.45143745143745145,4.47940947940948,20.109375,0.027195027195027196,1.491064491064491,9.847217244560998,movie_reviews_batch_0000,reviews,movie_reviews,batch_0,nltk_multi_texts/movie_reviews_batch_0000.txt
state_union_1988-Reagan_txt,4810,7090,0.002286902286902287,0.264033850493653,0.34188998589562763,0.39520451339915375,0.329901269393512,3.0740989707985897,3.132071441964062,0.2727650727650728,4.6567567567567565,22.26851851851852,0.06153846153846154,1.5781704781704782,11.717133864633869,state_union_1988-Reagan_txt,oratorical,state_union,1988-Reagan.txt,nltk_multi_texts/state_union_1988-Reagan_txt.txt
reuters_batch_0021,3198,4778,0.06160100062539087,0.2760569275847635,0.3637505232314776,0.4280033486814567,0.3308915864378401,3.026001441468215,3.0847294285955753,0.3317698561601001,5.000312695434647,28.553571428571427,0.05722326454033771,1.6923076923076923,15.515123626373626,reuters_batch_0021,news,reuters,batch_630,nltk_multi_texts/reuters_batch_0021.txt
gutenberg_austen-persuasion_txt,35487,45629,0.013610617972778764,0.20116592517916237,0.27572377216244054,0.33062306866247343,0.2732034451774091,3.2084012949433696,3.250629037952019,0.10806774311719784,4.374503339250993,26.522421524663677,0.03212443993575112,1.4275650238115367,11.59901167559497,gutenberg_austen-persuasion_txt,literary_fiction,gutenberg,austen-persuasion.txt,nltk_multi_texts/gutenberg_austen-persuasion_txt.txt
gutenberg_bryant-stories_txt,37441,42882,0.010336262386154217,0.20257917074763304,0.2465136887272049,0.2837787416631687,0.26883074483466257,3.287099580638169,3.333280812800543,0.08525413316952005,3.946101866937315,16.44312692138779,0.010202718944472637,1.2457199326941053,5.522314705131681,gutenberg_bryant-stories_txt,literary_fiction,gutenberg,bryant-stories.txt,nltk_multi_texts/gutenberg_bryant-stories_txt.txt
gutenberg_edgeworth-parents_txt,36578,43838,0.011290939909235059,0.1777909576166796,0.24330489529631827,0.28418267256717916,0.2463616040877777,3.318806215273282,3.3579560482861543,0.09981409590464213,4.0937448739679585,21.478567234292424,0.020531467002023074,1.3098310459839249,8.24264756398436,gutenberg_edgeworth-parents_txt,literary_fiction,gutenberg,edgeworth-parents.txt,nltk_multi_texts/gutenberg_edgeworth-parents_txt.txt
movie_reviews_batch_0013,1294,1716,0.015455950540958269,0.21328671328671328,0.2913752913752914,0.34032634032634035,0.2878787878787879,3.0998758940338553,3.197010277600454,0.44513137557959814,4.361669242658423,16.805194805194805,0.04095826893353941,1.4258114374034003,7.788600935386096,movie_reviews_batch_0013,reviews,movie_reviews,batch_26,nltk_multi_texts/movie_reviews_batch_0013.txt
shakespeare_a_and_c_xml,25242,28814,0.05272957768798035,0.15152356493371277,0.18230721177205525,0.232838203651003,0.19976400360935656,3.2259131068419484,3.3096524410604276,0.12229617304492513,4.451152840503922,59.957244655581945,0.012281118770303462,1.390975358529435,24.2068346463243,shakespeare_a_and_c_xml,drama,shakespeare,a_and_c.xml,nltk_multi_texts/shakespeare_a_and_c_xml.txt
reuters_batch_0009,3297,4654,0.07673642705489839,0.2587021916630855,0.33992264718521703,0.40030081650193383,0.3126342930812205,3.092417377519967,3.152034465631266,0.30846223839854414,4.861995753715499,26.804878048780488,0.047315741583257506,1.6214740673339398,13.99729643356488,reuters_batch_0009,news,reuters,batch_270,nltk_multi_texts/reuters_batch_0009.txt
reuters_batch_0026,3950,5502,0.09772151898734177,0.24772809887313704,0.33478735005452565,0.4154852780806979,0.30770628862231914,3.108272442901057,3.1741535874911326,0.29670886075949365,4.793924050632912,26.68918918918919,0.051645569620253164,1.6194936708860759,13.92880910023948,reuters_batch_0026,news,reuters,batch_780,nltk_multi_texts/reuters_batch_0026.txt
movie_reviews_batch_0042,1595,2181,0.010031347962382446,0.19853278312700595,0.27556166895919304,0.33700137551581844,0.26868408986703346,3.11603557494356,3.224627562188367,0.406269592476489,4.4470219435736675,15.792079207920793,0.03510971786833856,1.4815047021943573,8.050666376982527,movie_reviews_batch_0042,reviews,movie_reviews,batch_84,nltk_multi_texts/movie_reviews_batch_0042.txt
movie_reviews_batch_0049,1544,2155,0.009715025906735751,0.2296983758700696,0.3206496519721578,0.37958236658932715,0.3039443155452436,3.049426881897405,3.1225976415888157,0.46567357512953367,4.61139896373057,22.3768115942029,0.04598445595854922,1.5155440414507773,11.020376210858306,movie_reviews_batch_0049,reviews,movie_reviews,batch_98,nltk_multi_texts/movie_reviews_batch_0049.txt
webtext_pirates_txt,16384,20031,0.02996826171875,0.19409914632319905,0.2693325345714143,0.3128151365383655,0.26274274873945386,3.222130301945407,3.2750244229411116,0.16082763671875,4.32861328125,11.153165418652144,0.01531982421875,1.36993408203125,4.924956681243085,webtext_pirates_txt,web_informal,webtext,pirates.txt,nltk_multi_texts/webtext_pirates_txt.txt
movie_reviews_batch_0005,1564,2178,0.023657289002557546,0.21808999081726355,0.3071625344352617,0.3774104683195592,0.29201101928374656,3.045931704486868,3.1803198276131317,0.47698209718670076,4.648337595907928,19.073170731707318,0.04731457800511509,1.5498721227621484,10.137027633959203,movie_reviews_batch_0005,reviews,movie_reviews,batch_10,nltk_multi_texts/movie_reviews_batch_0005.txt
reuters_batch_0037,4111,5813,0.07029919727560205,0.2580423189403062,0.3404438327885773,0.4044383278857733,0.3210046447617409,3.0961847853063276,3.152756608600298,0.2904402821697884,4.817562636828022,25.067073170731707,0.06421795183653613,1.6166382875212844,13.262490329336519,reuters_batch_0037,news,reuters,batch_1110,nltk_multi_texts/reuters_batch_0037.txt
gutenberg_chesterton-ball_txt,35662,45096,0.0175817396668723,0.21296789072201525,0.28614511264857195,0.33149281532730174,0.28794128082313286,3.2053910086488933,3.2301376316793675,0.13723290897874488,4.2799618641691435,16.59469520707306,0.028209298412876452,1.3878077505468005,7.258062587210741,gutenberg_chesterton-ball_txt,literary_fiction,gutenberg,chesterton-ball.txt,nltk_multi_texts/gutenberg_chesterton-ball_txt.txt
reuters_batch_0027,2390,3257,0.10376569037656903,0.2591341725514277,0.3515505066011667,0.4172551427694197,0.3199263125575683,3.022306410316515,3.0948147900768483,0.32594142259414227,4.756485355648535,27.790697674418606,0.049372384937238493,1.596652719665272,14.088874185073468,reuters_batch_0027,news,reuters,batch_810,nltk_multi_texts/reuters_batch_0027.txt
inaugural_1941-Roosevelt_txt,1335,1857,0.00299625468164794,0.26440495422724825,0.3430263866451265,0.3984921917070544,0.3505654281098546,2.9255163899191157,3.0250779516970234,0.36254681647940074,4.423970037453183,19.63235294117647,0.04943820224719101,1.4891385767790262,9.638452853051334,inaugural_1941-Roosevelt_txt,oratorical,inaugural,1941-Roosevelt.txt,nltk_multi_texts/inaugural_1941-Roosevelt_txt.txt
movie_reviews_batch_0008,1189,1601,0.012615643397813289,0.22048719550281073,0.3004372267332917,0.3591505309181761,0.29918800749531543,3.0726593697605074,3.1715851177042214,0.45164003364171573,4.438183347350715,16.28767123287671,0.03532380151387721,1.4793944491169049,8.219046280401397,movie_reviews_batch_0008,reviews,movie_reviews,batch_16,nltk_multi_texts/movie_reviews_batch_0008.txt
inaugural_1957-Eisenhower_txt,1655,2165,0.0012084592145015106,0.23602771362586605,0.3039260969976905,0.3496535796766744,0.3113163972286374,3.1156506901806535,3.2070629268223594,0.3510574018126888,4.32809667673716,17.98913043478261,0.0404833836858006,1.407250755287009,8.031319781951925,inaugural_1957-Eisenhower_txt,oratorical,inaugural,1957-Eisenhower.txt,nltk_multi_texts/inaugural_1957-Eisenhower_txt.txt
movie_reviews_batch_0030,1268,1823,0.005520504731861199,0.20625342841470104,0.303894679100384,0.3664289632473944,0.2814042786615469,3.0463674274859445,3.146706442133843,0.45110410094637227,4.664826498422713,18.925373134328357,0.03943217665615142,1.5465299684542586,10.039949150148313,movie_reviews_batch_0030,reviews,movie_reviews,batch_60,nltk_multi_texts/movie_reviews_batch_0030.txt
reuters_batch_0007,2659,3724,0.06882286573899962,0.24946294307196562,0.33780880773361976,0.3976906552094522,0.30343716433942,3.089210263757989,3.161172913738906,0.34749905979691614,4.850695750282061,26.59,0.056412185031966905,1.5855584806318164,13.489690071455435,reuters_batch_0007,news,reuters,batch_210,nltk_multi_texts/reuters_batch_0007.txt
webtext_firefox_txt,30207,40252,0.084318204389711,0.16677432177283116,0.27186226771340555,0.345175395011428,0.2174550332902713,3.2815348011763414,3.3696937653072476,0.10467772370642567,5.077035124308935,76.66751269035532,0.033866322375608306,1.6313437282749033,33.56018594288244,webtext_firefox_txt,web_informal,webtext,firefox.txt,nltk_multi_texts/webtext_firefox_txt.txt
reuters_batch_0034,3177,4529,0.06515580736543909,0.2466328107750055,0.3360565246191212,0.3983219253698388,0.3029366306027821,3.1037833084357853,3.170881169899659,0.334592382751023,4.944916587976078,25.416,0.051621026125275415,1.6156751652502361,13.387206949952787,reuters_batch_0034,news,reuters,batch_1020,nltk_multi_texts/reuters_batch_0034.txt
inaugural_1829-Jackson_txt,1128,1728,0.00975177304964539,0.29050925925925924,0.3854166666666667,0.4357638888888889,0.36516203703703703,2.9044341705965606,2.997745706395536,0.4432624113475177,4.959219858156028,45.12,0.09397163120567376,1.6826241134751774,21.861764539007094,inaugural_1829-Jackson_txt,oratorical,inaugural,1829-Jackson.txt,nltk_multi_texts/inaugural_1829-Jackson_txt.txt
reuters_batch_0002,2442,3426,0.08681408681408681,0.2533566841798015,0.3385872737886748,0.4048453006421483,0.3172796263864565,3.0623951848756787,3.132277795394171,0.35176085176085176,4.908271908271908,25.175257731958762,0.042997542997543,1.6294021294021295,13.455295642409045,reuters_batch_0002,news,reuters,batch_60,nltk_multi_texts/reuters_batch_0002.txt
gutenberg_carroll-alice_txt,25501,30391,0.007882043841417984,0.1961106906649995,0.2563916949096772,0.2928498568655194,0.2600111875226218,3.2865695995453503,3.334344874396059,0.09685894670797224,4.005921336418179,15.692923076923076,0.01372495196266813,1.2859887847535392,5.704907660091763,gutenberg_carroll-alice_txt,literary_fiction,gutenberg,carroll-alice.txt,nltk_multi_texts/gutenberg_carroll-alice_txt.txt
inaugural_1961-Kennedy_txt,1365,1829,0.0,0.22525970475669765,0.2903225806451613,0.34117003827227993,0.302351011481684,3.13713244206497,3.2405796019998125,0.3868131868131868,4.373626373626373,26.25,0.035897435897435895,1.449084249084249,11.74669413919414,inaugural_1961-Kennedy_txt,oratorical,inaugural,1961-Kennedy.txt,nltk_multi_texts/inaugural_1961-Kennedy_txt.txt
movie_reviews_batch_0009,1037,1481,0.01639344262295082,0.21674544226873735,0.2937204591492235,0.36056718433490886,0.28089128966914245,3.0606319843592447,3.2035939323917937,0.4686595949855352,4.682738669238187,16.46031746031746,0.027965284474445518,1.56702025072324,9.320362768058043,movie_reviews_batch_0009,reviews,movie_reviews,batch_18,nltk_multi_texts/movie_reviews_batch_0009.txt
webtext_overheard_txt,37187,43108,0.016780057546992227,0.1308109863598404,0.17711329683585414,0.22346200241254524,0.1998468961677647,3.4154941664034806,3.454738865459996,0.10802162045876247,3.8281119746147847,8.440081706763504,0.014386748057116735,1.2586925538494635,2.5542040010614393,webtext_overheard_txt,web_informal,webtext,overheard.txt,nltk_multi_texts/webtext_overheard_txt.txt
inaugural_2017-Trump_txt,1451,2076,0.0006891798759476223,0.2634874759152216,0.3126204238921002,0.371868978805395,0.33188824662813105,3.0121589396842374,3.1295208750633754,0.3645761543762922,4.60854583046175,16.122222222222224,0.04066161268090972,1.552722260509993,9.019789340684586,inaugural_2017-Trump_txt,oratorical,inaugural,2017-Trump.txt,nltk_multi_texts/inaugural_2017-Trump_txt.txt
shakespeare_dream_xml,19793,21982,0.04142878795533775,0.13988718042034393,0.1798744427258666,0.21576744609225731,0.20102811391138203,3.287581700228341,3.3382639007811545,0.13853382508967818,4.229374021118577,79.48995983935743,0.012529682210882635,1.3015207396554338,30.769029065283515,shakespeare_dream_xml,drama,shakespeare,dream.xml,nltk_multi_texts/shakespeare_dream_xml.txt
reuters_batch_0031,3941,5768,0.0674955595026643,0.2656033287101248,0.3562760055478502,0.42319694868238555,0.3248959778085992,3.0688655711530033,3.1232376537486597,0.30017761989342806,4.894696777467648,24.943037974683545,0.05353971073331642,1.6472976401928445,13.575896964402148,reuters_batch_0031,news,reuters,batch_930,nltk_multi_texts/reuters_batch_0031.txt
shakespeare_hamlet_xml,26882,30246,0.03835280113086824,0.14934206176023276,0.18835548502281294,0.2252198637836408,0.2116643523110494,3.2848224419184646,3.3464636350836545,0.1316494308459192,4.305780819879473,68.40203562340967,0.018711405401383826,1.3145599285767429,26.598601050335336,shakespeare_hamlet_xml,drama,shakespeare,hamlet.xml,nltk_multi_texts/shakespeare_hamlet_xml.txt
gutenberg_austen-emma_txt,35768,45643,0.012860657571013196,0.1915518261288697,0.25342330696930526,0.310474771596959,0.2615516070372237,3.2224616665913604,3.2780509154809683,0.09818832475956162,4.22190225900246,20.06057206954571,0.025385819727130395,1.4024826660702303,8.782918566751547,gutenberg_austen-emma_txt,literary_fiction,gutenberg,austen-emma.txt,nltk_multi_texts/gutenberg_austen-emma_txt.txt
reuters_batch_0032,3235,4534,0.0884080370942813,0.2567269519188355,0.34296426996029994,0.4058226731363035,0.3171592412880459,3.077860582626277,3.1404422504876357,0.3125193199381762,4.822565687789799,23.613138686131386,0.05100463678516229,1.6126738794435858,12.648675865025556,reuters_batch_0032,news,reuters,batch_960,nltk_multi_texts/reuters_batch_0032.txt
reuters_batch_0015,3447,4688,0.10008703220191471,0.2521331058020478,0.3410836177474403,0.4014505119453925,0.3244453924914676,3.053120309150068,3.1227541597724406,0.29532927183057733,4.790542500725269,26.72093023255814,0.04931824775166812,1.5935596170583115,13.635166271985753,reuters_batch_0015,news,reuters,batch_450,nltk_multi_texts/reuters_batch_0015.txt
state_union_2002-GWBush_txt,3906,5701,0.002048131080389145,0.25995439396597086,0.339414137870549,0.39659708823013506,0.3166111208559902,3.1220238316948614,3.1853571347508147,0.31080389144905274,4.792114695340501,13.802120141342757,0.045570916538658475,1.5890937019969278,8.544132538687425,state_union_2002-GWBush_txt,oratorical,state_union,2002-GWBush.txt,nltk_multi_texts/state_union_2002-GWBush_txt.txt
state_union_1989-Bush_txt,4770,6849,0.0008385744234800838,0.25638779383851656,0.3347934004964228,0.3809315228500511,0.32223682289385314,3.1157279289788846,3.1778845931636006,0.2809224318658281,4.574633123689727,16.391752577319586,0.05450733752620545,1.5308176100628932,8.866431303896782,state_union_1989-Bush_txt,oratorical,state_union,1989-Bush.txt,nltk_multi_texts/state_union_1989-Bush_txt.txt
state_union_1972-Nixon_txt,3989,5767,0.010779644021057909,0.25125715276573607,0.3384775446505982,0.3944858678689093,0.317149297728455,3.0795656337633606,3.1448765327683397,0.27224868388067186,4.675106542993231,22.794285714285714,0.06141890198044623,1.568563549761845,11.8088213157612,state_union_1972-Nixon_txt,oratorical,state_union,1972-Nixon.txt,nltk_multi_texts/state_union_1972-Nixon_txt.txt
movie_reviews_batch_0029,1038,1483,0.029865125240847785,0.2528658125421443,0.33041132838840187,0.4059339177343223,0.3196223870532704,3.0166537073980013,3.1041953362887735,0.5105973025048169,4.732177263969171,20.76,0.07610789980732177,1.6011560693641618,11.40004161849711,movie_reviews_batch_0029,reviews,movie_reviews,batch_58,nltk_multi_texts/movie_reviews_batch_0029.txt
gutenberg_bible-kjv_txt,37077,41746,0.03441486635919842,0.23384276337852727,0.27799070569635415,0.31660518373017776,0.320030661620275,3.1454699704014293,3.193458894491433,0.06448741807589611,3.956765649863797,26.00070126227209,0.009304959948215875,1.2715969468943011,9.555117465638869,gutenberg_bible-kjv_txt,literary_fiction,gutenberg,bible-kjv.txt,nltk_multi_texts/gutenberg_bible-kjv_txt.txt
state_union_1980-Carter_txt,3398,5183,0.0005885815185403178,0.27686667952923016,0.35847964499324714,0.4256222265097434,0.3295388770982057,3.034424032669723,3.1129507538605257,0.2807533843437316,4.736021188934667,20.71951219512195,0.06886403766921718,1.6262507357268983,11.68036843767496,state_union_1980-Carter_txt,oratorical,state_union,1980-Carter.txt,nltk_multi_texts/state_union_1980-Carter_txt.txt
gutenberg_whitman-leaves_txt,34662,42325,0.02388783105418037,0.21495569994093325,0.28389840519787357,0.32500886001181334,0.2946012994683993,3.2206910265655067,3.2473014844922314,0.17731233050602965,4.213461427499856,31.829201101928376,0.021002827303675496,1.3565864635624025,12.83110869978842,gutenberg_whitman-leaves_txt,literary_fiction,gutenberg,whitman-leaves.txt,nltk_multi_texts/gutenberg_whitman-leaves_txt.txt
reuters_batch_0039,3519,5085,0.06933788007956806,0.25958702064896755,0.3506391347099312,0.41907571288102263,0.31799410029498526,3.0888158634172944,3.144571542044541,0.3140096618357488,4.950554134697358,26.458646616541355,0.059676044330775786,1.6368286445012787,14.043450185566218,reuters_batch_0039,news,reuters,batch_1170,nltk_multi_texts/reuters_batch_0039.txt
movie_reviews_batch_0037,1298,1725,0.012326656394453005,0.19594202898550725,0.2672463768115942,0.336231884057971,0.27304347826086955,3.1007054078276197,3.2302654082166864,0.43836671802773497,4.399845916795069,13.244897959183673,0.02465331278890601,1.4329738058551618,6.484601113172541,movie_reviews_batch_0037,reviews,movie_reviews,batch_74,nltk_multi_texts/movie_reviews_batch_0037.txt
inaugural_1809-Madison_txt,1173,1764,0.008525149190110827,0.2732426303854875,0.37244897959183676,0.43594104308390025,0.3486394557823129,2.9177429409743807,3.0242429954386325,0.4416027280477408,4.863597612958227,55.857142857142854,0.060528559249786874,1.6325660699062234,25.45856533917915,inaugural_1809-Madison_txt,oratorical,inaugural,1809-Madison.txt,nltk_multi_texts/inaugural_1809-Madison_txt.txt
reuters_batch_0019,3603,5055,0.08381903968914793,0.2613254203758655,0.34678536102868446,0.4075173095944609,0.31711177052423345,3.083913280122447,3.1606034021395777,0.3041909519844574,4.8165417707466,25.735714285714284,0.04829308909242298,1.6197613100194284,13.560112029657827,reuters_batch_0019,news,reuters,batch_570,nltk_multi_texts/reuters_batch_0019.txt
inaugural_1801-Jefferson_txt,1722,2471,0.006968641114982578,0.2727640631323351,0.3468231485228652,0.39700526102792394,0.36624848239579116,2.946540608106652,3.024371426498612,0.39256678281068524,4.728803716608595,42.0,0.070267131242741,1.5598141695702672,19.195807200929156,inaugural_1801-Jefferson_txt,oratorical,inaugural,1801-Jefferson.txt,nltk_multi_texts/inaugural_1801-Jefferson_txt.txt
reuters_batch_0016,3512,5074,0.06235763097949886,0.27177769018525816,0.35474970437524633,0.42136381553015373,0.32735514387071346,3.048918250343499,3.1194266112863325,0.3103644646924829,4.906890660592255,24.55944055944056,0.05466970387243736,1.6449316628701594,13.398375440049701,reuters_batch_0016,news,reuters,batch_480,nltk_multi_texts/reuters_batch_0016.txt
movie_reviews_batch_0031,1203,1747,0.00914380714879468,0.22724670864338867,0.31425300515168864,0.3983972524327418,0.28506010303377216,3.0693769446639836,3.1688407592852887,0.4837905236907731,4.733167082294265,18.227272727272727,0.05070656691604322,1.571072319201995,10.057289730219907,movie_reviews_batch_0031,reviews,movie_reviews,batch_62,nltk_multi_texts/movie_reviews_batch_0031.txt
inaugural_2013-Obama_txt,2068,2865,0.0019342359767891683,0.2450261780104712,0.3019197207678883,0.35706806282722514,0.3169284467713787,3.116539960768133,3.19484562779719,0.3646034816247582,4.5,22.977777777777778,0.045938104448742745,1.516441005802708,11.265337201805291,inaugural_2013-Obama_txt,oratorical,inaugural,2013-Obama.txt,nltk_multi_texts/inaugural_2013-Obama_txt.txt
state_union_2001-GWBush-2_txt,3019,4394,0.0029811195760185492,0.25580336822940375,0.32726445152480654,0.38643604915794266,0.31998179335457444,3.06558753473131,3.1374902901043193,0.3097052003974826,4.648559125538258,14.24056603773585,0.04604173567406426,1.5717124875786683,8.510028108145267,state_union_2001-GWBush-2_txt,oratorical,state_union,2001-GWBush-2.txt,nltk_multi_texts/state_union_2001-GWBush-2_txt.txt
movie_reviews_batch_0035,1282,1800,0.0218408736349454,0.22777777777777777,0.3138888888888889,0.3788888888888889,0.29444444444444445,3.0173648174389465,3.1330789501116634,0.4672386895475819,4.585803432137285,20.677419354838708,0.05070202808112324,1.5195007800312013,10.404302752755274,movie_reviews_batch_0035,reviews,movie_reviews,batch_70,nltk_multi_texts/movie_reviews_batch_0035.txt
reuters_batch_0000,4345,6284,0.06490218642117376,0.25684277530235516,0.3432527052832591,0.408497772119669,0.3107893061744112,3.088403673049868,3.153915753180753,0.29228998849252014,4.8821634062140395,24.005524861878452,0.05822784810126582,1.628078250863061,12.983478056316716,reuters_batch_0000,news,reuters,batch_0,nltk_multi_texts/reuters_batch_0000.txt
state_union_1994-Clinton_txt,7328,10211,0.0004093886462882096,0.2238762119283126,0.2973264126921947,0.34883948682793064,0.28763098619136224,3.187039790694642,3.2320851851858694,0.20987991266375547,4.506686681222708,18.45843828715365,0.03889192139737991,1.4893558951965065,9.183190495308704,state_union_1994-Clinton_txt,oratorical,state_union,1994-Clinton.txt,nltk_multi_texts/state_union_1994-Clinton_txt.txt
reuters_batch_0024,4143,6027,0.06879073135409124,0.2681267629002821,0.3549029367844699,0.42027542724406836,0.32337813174050106,3.0465050523373667,3.1130449509352767,0.29881728216268405,4.949312092686459,26.056603773584907,0.06130823075066377,1.6529085203958485,14.076396012369127,reuters_batch_0024,news,reuters,batch_720,nltk_multi_texts/reuters_batch_0024.txt
state_union_1991-Bush-2_txt,2856,3964,0.0014005602240896359,0.260343087790111,0.3297174571140262,0.38118062563067606,0.3246720484359233,3.0920519694044675,3.16676369594981,0.30567226890756305,4.459033613445378,15.692307692307692,0.0430672268907563,1.492296918767507,8.139103641456586,state_union_1991-Bush-2_txt,oratorical,state_union,1991-Bush-2.txt,nltk_multi_texts/state_union_1991-Bush-2_txt.txt
state_union_1993-Clinton_txt,6936,9700,0.0007208765859284891,0.2334020618556701,0.3102061855670103,0.36041237113402064,0.3,3.1284684558939455,3.1854741149412966,0.20025951557093424,4.453575547866206,23.917241379310344,0.04757785467128028,1.4942329873125721,11.369673388219386,state_union_1993-Clinton_txt,oratorical,state_union,1993-Clinton.txt,nltk_multi_texts/state_union_1993-Clinton_txt.txt
state_union_1951-Truman_txt,3982,5698,0.0020090406830738324,0.2427167427167427,0.3216918216918217,0.383994383994384,0.3087048087048087,3.0967401976562288,3.1726966072263036,0.24886991461577096,4.556504269211452,16.386831275720166,0.05951783023606228,1.5354093420391763,8.91869443359315,state_union_1951-Truman_txt,oratorical,state_union,1951-Truman.txt,nltk_multi_texts/state_union_1951-Truman_txt.txt
movie_reviews_batch_0006,1081,1501,0.012025901942645698,0.20586275816122585,0.29646902065289804,0.3524317121918721,0.2864756828780813,3.0561366903287115,3.1740496017165634,0.4690101757631822,4.50508788159112,20.01851851851852,0.03885291396854764,1.5337650323774283,10.31564960427588,movie_reviews_batch_0006,reviews,movie_reviews,batch_12,nltk_multi_texts/movie_reviews_batch_0006.txt
reuters_batch_0013,2526,3533,0.0855106888361045,0.2581375601471837,0.3529578262100198,0.4172091706764789,0.31021794508915934,3.089758507363819,3.1670506662197155,0.32304038004750596,4.878068091844814,24.057142857142857,0.053840063341250986,1.6191607284243863,12.898382309693474,reuters_batch_0013,news,reuters,batch_390,nltk_multi_texts/reuters_batch_0013.txt
reuters_batch_0010,3781,5446,0.06585559375826501,0.2651487330150569,0.34943077488064633,0.41553433712816745,0.3226221079691517,3.0763710339902217,3.1428159181020434,0.29754033324517326,4.884157630256546,25.039735099337747,0.058714625760380855,1.6247024596667548,13.346985712809431,reuters_batch_0010,news,reuters,batch_300,nltk_multi_texts/reuters_batch_0010.txt
inaugural_1997-Clinton_txt,2150,2973,0.0009302325581395349,0.2697611839892365,0.32727884291960985,0.3784056508577195,0.3481331987891019,3.0135456082325134,3.1084541079041674,0.3302325581395349,4.486976744186046,19.36936936936937,0.05116279069767442,1.5111627906976743,9.795774984286613,inaugural_1997-Clinton_txt,oratorical,inaugural,1997-Clinton.txt,nltk_multi_texts/inaugural_1997-Clinton_txt.txt
state_union_1983-Reagan_txt,5503,8274,0.0010903143739778303,0.2622673434856176,0.3496495044718395,0.4070582547739908,0.33152042542905485,3.059538446665572,3.1170450163041536,0.26512811193894237,4.74359440305288,21.165384615384614,0.05960385244412139,1.6045793203707068,11.598535980374344,state_union_1983-Reagan_txt,oratorical,state_union,1983-Reagan.txt,nltk_multi_texts/state_union_1983-Reagan_txt.txt
state_union_1990-Bush_txt,3737,5292,0.0010703773080010704,0.26549508692365836,0.33049886621315194,0.38340891912320485,0.3337112622826909,3.0699637664353228,3.136736695295876,0.28284720363928284,4.456515921862456,18.77889447236181,0.050575327803050574,1.5226117206315226,9.700587147673076,state_union_1990-Bush_txt,oratorical,state_union,1990-Bush.txt,nltk_multi_texts/state_union_1990-Bush_txt.txt
movie_reviews_batch_0007,1702,2229,0.01762632197414806,0.19470614625392552,0.2597577388963661,0.3315388066397488,0.2687303723642889,3.144430930968202,3.2271910547159672,0.38660399529964745,4.309635722679201,14.423728813559322,0.018213866039952998,1.428319623971798,6.889425800155351,movie_reviews_batch_0007,reviews,movie_reviews,batch_14,nltk_multi_texts/movie_reviews_batch_0007.txt
reuters_batch_0017,3903,5628,0.07583909812964386,0.27007818052594174,0.35696517412935325,0.42803837953091683,0.3319118692253021,3.044263752317551,3.106857396376,0.28670253651037664,4.838329490135793,22.958823529411763,0.07020240840379195,1.6428388419164746,12.74943951108499,reuters_batch_0017,news,reuters,batch_510,nltk_multi_texts/reuters_batch_0017.txt
state_union_2000-Clinton_txt,8932,12722,0.0016793551276309898,0.23596918723471152,0.3111146046219148,0.3651155478698318,0.2918566263166169,3.188708256992505,3.244902010454929,0.20264218540080609,4.566054635020152,18.08097165991903,0.048701298701298704,1.5249664128974474,9.456182619558302,state_union_2000-Clinton_txt,oratorical,state_union,2000-Clinton.txt,nltk_multi_texts/state_union_2000-Clinton_txt.txt
state_union_1946-Truman_txt,26604,42790,0.002819124943617501,0.2939939238139752,0.38163122224818885,0.4423229726571629,0.35788735685907924,2.9707498818317983,3.030781655715173,0.11825289430160878,5.156517816869644,21.842364532019705,0.09258006314839874,1.736468200270636,13.418846930681191,state_union_1946-Truman_txt,oratorical,state_union,1946-Truman.txt,nltk_multi_texts/state_union_1946-Truman_txt.txt
shakespeare_othello_xml,26737,30417,0.04443280846766653,0.14199296446066345,0.1792747476739981,0.2360193312949995,0.1988361771377848,3.2360741956489694,3.3513955096978796,0.11852489060103975,4.2594905935594864,61.183066361556065,0.018027452593783896,1.3487302240341101,24.18641252460937,shakespeare_othello_xml,drama,shakespeare,othello.xml,nltk_multi_texts/shakespeare_othello_xml.txt
reuters_batch_0008,3579,5024,0.0709695445655211,0.2549761146496815,0.3375796178343949,0.4114251592356688,0.31110668789808915,3.103653853982826,3.1693608560476654,0.29896619167365185,4.778150321318805,26.124087591240876,0.04330818664431405,1.5906677842972898,13.368274015291963,reuters_batch_0008,news,reuters,batch_240,nltk_multi_texts/reuters_batch_0008.txt
reuters_batch_0035,2419,3340,0.09011988424968996,0.2622754491017964,0.3568862275449102,0.4098802395209581,0.31766467065868265,3.032275812653109,3.1178080592902715,0.3497312939231087,4.865233567589913,22.60747663551402,0.05291442744935924,1.6060355518809426,12.17813540004559,reuters_batch_0035,news,reuters,batch_1050,nltk_multi_texts/reuters_batch_0035.txt
shakespeare_macbeth_xml,21392,23731,0.041277112939416605,0.16092874299439552,0.19699970502717964,0.2225359234756226,0.2268340988580338,3.254977916643007,3.311534620811866,0.14281039640987284,4.358077786088257,55.276485788113696,0.016361256544502618,1.3025430067314885,21.337836936795906,shakespeare_macbeth_xml,drama,shakespeare,macbeth.xml,nltk_multi_texts/shakespeare_macbeth_xml.txt
gutenberg_chesterton-brown_txt,34993,44079,0.017289172120138314,0.21640690578279906,0.28439846638989086,0.3314276639669684,0.29122711495269854,3.197163612530244,3.2278985948033263,0.14374303432114993,4.293487268882348,18.92536506219578,0.026748206784213985,1.3891063927071128,8.182347808200287,gutenberg_chesterton-brown_txt,literary_fiction,gutenberg,chesterton-brown.txt,nltk_multi_texts/gutenberg_chesterton-brown_txt.txt
inaugural_2009-Obama_txt,2385,3178,0.0020964360587002098,0.23757079924480806,0.29672750157331657,0.34896161107614854,0.30679672750157333,3.1521319449638705,3.2296700850566062,0.3672955974842767,4.416352201257862,21.681818181818183,0.042348008385744235,1.4633123689727463,10.1329950447875,inaugural_2009-Obama_txt,oratorical,inaugural,2009-Obama.txt,nltk_multi_texts/inaugural_2009-Obama_txt.txt
reuters_batch_0014,4337,6258,0.05234032741526401,0.26286353467561524,0.3464365612016619,0.41003515500159793,0.32246724193032916,3.0750557635930624,3.132973705105571,0.2879870878487434,4.925755130274383,23.192513368983956,0.04934286373068942,1.6320036891860734,12.712723746299414,reuters_batch_0014,news,reuters,batch_420,nltk_multi_texts/reuters_batch_0014.txt
reuters_batch_0003,3633,5337,0.0685383980181668,0.2580101180438449,0.3460745737305602,0.4148397976391231,0.3198426082068578,3.0858777108256703,3.15509326320413,0.30993669143958164,4.926782273603083,24.38255033557047,0.06220754197632811,1.66336361134049,13.54688524469027,reuters_batch_0003,news,reuters,batch_90,nltk_multi_texts/reuters_batch_0003.txt
movie_reviews_batch_0017,1339,1816,0.020164301717699777,0.21696035242290748,0.29625550660792954,0.3568281938325991,0.2868942731277533,3.0749176111134426,3.153945170763926,0.48618371919342795,4.638536221060493,14.554347826086957,0.035847647498132934,1.5011202389843166,7.79941447218885,movie_reviews_batch_0017,reviews,movie_reviews,batch_34,nltk_multi_texts/movie_reviews_batch_0017.txt
inaugural_1813-Madison_txt,1209,1807,0.008271298593879239,0.2827891532927504,0.3669064748201439,0.423907028223575,0.3536247924737133,2.95757660770677,3.0580121404879548,0.42762613730355664,4.822167080231597,36.63636363636363,0.06368899917287014,1.6344086021505377,17.984203323558166,inaugural_1813-Madison_txt,oratorical,inaugural,1813-Madison.txt,nltk_multi_texts/inaugural_1813-Madison_txt.txt
reuters_batch_0025,3540,5114,0.07175141242937853,0.26945639421196715,0.35960109503324206,0.4219788815017599,0.32733672272193975,3.042672703384161,3.106876040085715,0.3132768361581921,4.877966101694915,25.83941605839416,0.05903954802259887,1.6423728813559322,13.867372262773724,reuters_batch_0025,news,reuters,batch_750,nltk_multi_texts/reuters_batch_0025.txt
state_union_1977-Ford_txt,4683,7281,0.001067691650651292,0.2734514489767889,0.36121411893970606,0.42727647301194893,0.3304491141326741,3.062033311493687,3.119774640419712,0.28720905402519753,4.863762545376895,21.781395348837208,0.07516549220585095,1.6707238949391416,12.619286146328385,state_union_1977-Ford_txt,oratorical,state_union,1977-Ford.txt,nltk_multi_texts/state_union_1977-Ford_txt.txt
movie_reviews_batch_0040,1189,1535,0.01934398654331371,0.19218241042345277,0.26188925081433223,0.31140065146579804,0.2488599348534202,3.1960769201273647,3.3098583445068397,0.4449116904962153,4.411269974768714,17.231884057971016,0.027754415475189236,1.4129520605550883,7.803269097158736,movie_reviews_batch_0040,reviews,movie_reviews,batch_80,nltk_multi_texts/movie_reviews_batch_0040.txt
webtext_wine_txt,23449,30864,0.045545652266621175,0.20836573354069465,0.2732957490927942,0.35345386210471746,0.28573742871954383,3.1484011856621876,3.2013710609615793,0.11407735937566633,4.630346709881018,8.17893268224625,0.036163589065631795,1.4962258518486928,5.255248797890616,webtext_wine_txt,web_informal,webtext,wine.txt,nltk_multi_texts/webtext_wine_txt.txt
shakespeare_merchant_xml,25529,28492,0.03979787692428219,0.13761757686368103,0.18110346764003932,0.22034255229538116,0.1983363751228415,3.2949455367119778,3.3504071690741593,0.1183751811665165,4.1756825570919345,71.31005586592178,0.013670727408045752,1.3015785968898115,27.57954923100927,shakespeare_merchant_xml,drama,shakespeare,merchant.xml,nltk_multi_texts/shakespeare_merchant_xml.txt
inaugural_1797-Adams_txt,2315,3573,0.009071274298056155,0.30730478589420657,0.3809123985446404,0.4444444444444444,0.38231178281556116,2.864109876678102,2.9499676284030674,0.34211663066954645,4.854427645788337,62.567567567567565,0.09632829373650108,1.6755939524838013,28.58335999066021,inaugural_1797-Adams_txt,oratorical,inaugural,1797-Adams.txt,nltk_multi_texts/inaugural_1797-Adams_txt.txt
inaugural_1853-Pierce_txt,3324,5066,0.00842358604091456,0.280497433872878,0.3580734307145677,0.4198578760363206,0.3485984998026056,3.016643929958362,3.070158644927143,0.33212996389891697,4.907942238267148,31.96153846153846,0.08243080625752106,1.6504211793020458,16.34996991576414,inaugural_1853-Pierce_txt,oratorical,inaugural,1853-Pierce.txt,nltk_multi_texts/inaugural_1853-Pierce_txt.txt
gutenberg_melville-moby_dick_txt,35055,43258,0.030124090714591358,0.2060890471126728,0.2809884876785797,0.3240556660039761,0.28022562300614917,3.247371382822737,3.273618572630256,0.17095992012551706,4.310397946084724,20.69362455726092,0.021994009413778347,1.3845100556268721,8.81773223372885,gutenberg_melville-moby_dick_txt,literary_fiction,gutenberg,melville-moby_dick.txt,nltk_multi_texts/gutenberg_melville-moby_dick_txt.txt
movie_reviews_batch_0036,1398,2004,0.00715307582260372,0.22305389221556887,0.30489021956087825,0.37974051896207583,0.29141716566866266,3.0369720478043747,3.1216744992117067,0.43061516452074394,4.63590844062947,16.06896551724138,0.0407725321888412,1.5371959942775393,8.815809284199101,movie_reviews_batch_0036,reviews,movie_reviews,batch_72,nltk_multi_texts/movie_reviews_batch_0036.txt
inaugural_1885-Cleveland_txt,1679,2609,0.007742703990470518,0.3319279417401303,0.40858566500574933,0.4706784208509007,0.4143349942506708,2.792452201076387,2.882761673094565,0.38058368076235854,4.910661107802263,38.15909090909091,0.09231685527099463,1.6646813579511615,18.935285478369163,inaugural_1885-Cleveland_txt,oratorical,inaugural,1885-Cleveland.txt,nltk_multi_texts/inaugural_1885-Cleveland_txt.txt
state_union_2003-GWBush_txt,5341,7985,0.001872308556450103,0.27639323731997495,0.3564182842830307,0.4145272385723231,0.3361302442078898,3.0336270501314724,3.09731700585626,0.2778505897771953,4.777008050926793,19.00711743772242,0.054296948137052985,1.6114959745366035,10.83842830024367,state_union_2003-GWBush_txt,oratorical,state_union,2003-GWBush.txt,nltk_multi_texts/state_union_2003-GWBush_txt.txt
state_union_1964-Johnson_txt,3175,4645,0.0031496062992125984,0.24068891280947255,0.328740581270183,0.39095801937567276,0.3091496232508073,3.096779892745055,3.1671392229451767,0.31401574803149607,4.643149606299213,23.007246376811594,0.06425196850393701,1.570708661417323,11.917188291680933,state_union_1964-Johnson_txt,oratorical,state_union,1964-Johnson.txt,nltk_multi_texts/state_union_1964-Johnson_txt.txt
reuters_batch_0012,2364,3285,0.09094754653130288,0.2624048706240487,0.3467275494672755,0.4039573820395738,0.3248097412480974,3.0537994961821395,3.1264019534337164,0.32783417935702197,4.697969543147208,26.266666666666666,0.05456852791878172,1.5981387478849407,13.512037225042302,reuters_batch_0012,news,reuters,batch_360,nltk_multi_texts/reuters_batch_0012.txt
movie_reviews_batch_0002,1215,1618,0.031275720164609055,0.20395550061804696,0.27873918417799753,0.35599505562422745,0.2521631644004944,3.186364367017079,3.31349240865359,0.4962962962962963,4.598353909465021,22.09090909090909,0.024691358024691357,1.5045267489711933,10.778870183314627,movie_reviews_batch_0002,reviews,movie_reviews,batch_4,nltk_multi_texts/movie_reviews_batch_0002.txt
shakespeare_j_caesar_xml,24381,26733,0.05172060210819901,0.14274492200650882,0.17555081734186212,0.2078704223244679,0.19964089327797105,3.287313287811594,3.3435482669861174,0.1093064271358845,4.280382264878389,71.28947368421052,0.011771461383864484,1.3161888355686806,27.74392299655253,shakespeare_j_caesar_xml,drama,shakespeare,j_caesar.xml,nltk_multi_texts/shakespeare_j_caesar_xml.txt
movie_reviews_batch_0018,1457,2079,0.0061770761839396015,0.2376142376142376,0.31553631553631556,0.38431938431938434,0.30158730158730157,3.0713358740745083,3.15928561955206,0.46808510638297873,4.665065202470831,22.075757575757574,0.04804392587508579,1.5456417295813316,11.258117863605168,movie_reviews_batch_0018,reviews,movie_reviews,batch_36,nltk_multi_texts/movie_reviews_batch_0018.txt
movie_reviews_batch_0033,1210,1685,0.00909090909090909,0.20652818991097924,0.29614243323442135,0.3596439169139466,0.28724035608308607,3.0669996450141292,3.1904727328218727,0.46611570247933887,4.671074380165289,26.304347826086957,0.045454545454545456,1.5272727272727273,12.690513833992096,movie_reviews_batch_0033,reviews,movie_reviews,batch_66,nltk_multi_texts/movie_reviews_batch_0033.txt
reuters_batch_0030,3628,5251,0.06449834619625137,0.2557608074652447,0.34069701009331554,0.4084936202628071,0.3109883831651114,3.088544007783836,3.156839979265354,0.321664829106946,4.877342888643881,23.86842105263158,0.0509922822491731,1.6350606394707827,13.012399756281553,reuters_batch_0030,news,reuters,batch_900,nltk_multi_texts/reuters_batch_0030.txt
movie_reviews_batch_0034,1030,1418,0.007766990291262136,0.2073342736248237,0.2827926657263752,0.3688293370944993,0.27221438645980256,3.089807616930081,3.22139755354161,0.5009708737864078,4.543689320388349,15.373134328358208,0.030097087378640777,1.4757281553398058,7.81911462106941,movie_reviews_batch_0034,reviews,movie_reviews,batch_68,nltk_multi_texts/movie_reviews_batch_0034.txt
movie_reviews_batch_0011,1228,1660,0.008957654723127036,0.21024096385542168,0.29397590361445786,0.35240963855421686,0.26265060240963856,3.1108526478137546,3.2082304123604266,0.42996742671009774,4.313517915309446,20.466666666666665,0.03908794788273615,1.4495114006514658,9.496234527687296,movie_reviews_batch_0011,reviews,movie_reviews,batch_22,nltk_multi_texts/movie_reviews_batch_0011.txt
state_union_1984-Reagan_txt,4892,7237,0.0014309076042518397,0.25604532264750585,0.34074892911427385,0.3922896227718668,0.3190548569849385,3.1000219750067743,3.1444440335158657,0.29047424366312347,4.754905968928863,16.527027027027028,0.05928045789043336,1.5901471790678658,9.619277253541359,state_union_1984-Reagan_txt,oratorical,state_union,1984-Reagan.txt,nltk_multi_texts/state_union_1984-Reagan_txt.txt
inaugural_1889-Harrison_txt,4371,6723,0.004804392587508579,0.2949576082106203,0.37438643462739846,0.4332887103971441,0.36218949873568346,2.9897803962905223,3.046319330673189,0.293983070235644,4.864790665751544,27.840764331210192,0.07732784259894761,1.6614047128803477,14.872473701160079,inaugural_1889-Harrison_txt,oratorical,inaugural,1889-Harrison.txt,nltk_multi_texts/inaugural_1889-Harrison_txt.txt
inaugural_2001-Bush_txt,1582,2231,0.0006321112515802782,0.25638727028238456,0.3240699238009861,0.3854773644105782,0.3267593007619901,3.007008280711424,3.1024551253319763,0.3666245259165613,4.498735777496839,16.309278350515463,0.05436156763590392,1.5372945638432365,8.91069441005122,inaugural_2001-Bush_txt,oratorical,inaugural,2001-Bush.txt,nltk_multi_texts/inaugural_2001-Bush_txt.txt
movie_reviews_batch_0046,1762,2396,0.010783200908059024,0.21702838063439064,0.3038397328881469,0.36352253756260433,0.28213689482470783,3.1176141753983972,3.195227917248331,0.4018161180476731,4.5334846765039725,25.91176470588235,0.024971623155505107,1.493189557321226,12.135225011684586,movie_reviews_batch_0046,reviews,movie_reviews,batch_92,nltk_multi_texts/movie_reviews_batch_0046.txt
movie_reviews_batch_0045,1402,1879,0.012125534950071327,0.21021820117083556,0.2900478978179883,0.3565726450239489,0.27727514635444384,3.107994862478297,3.199903434733591,0.43366619115549215,4.358059914407988,20.02857142857143,0.03209700427960057,1.4550641940085591,9.390900346443857,movie_reviews_batch_0045,reviews,movie_reviews,batch_90,nltk_multi_texts/movie_reviews_batch_0045.txt
gutenberg_milton-paradise_txt,33694,40107,0.04033359055024634,0.18458124516917246,0.24860996833470467,0.2889520532575361,0.25865808961029246,3.3261097352816824,3.353017868194547,0.17255297679112008,4.501157476108506,41.75216852540272,0.033655843770404224,1.3698878138540986,16.85802192838543,gutenberg_milton-paradise_txt,literary_fiction,gutenberg,milton-paradise.txt,nltk_multi_texts/gutenberg_milton-paradise_txt.txt
